Rank,Player,Pos,Age,Tm,G,GS,MP,FG,FGA,FG%,3P,3PA,3P%,2P,2PA,2P%,eFG%,FT,FTA,FT%,ORB,DRB,TRB,AST,STL,BLK,TOV,PF,PTS,Player-additional
1,Precious Achiuwa,C-PF,24,TOT,45,6,895,140,292,0.479,17,67,0.254,123,225,0.547,0.509,33,54,0.611,102,164,266,60,27,30,44,81,330,achiupr01
1,Precious Achiuwa,C,24,TOR,25,0,437,78,170,0.459,13,47,0.277,65,123,0.528,0.497,24,42,0.571,50,86,136,44,16,12,29,40,193,achiupr01
1,Precious Achiuwa,PF,24,NYK,20,6,458,62,122,0.508,4,20,0.200,58,102,0.569,0.525,9,12,0.750,52,78,130,16,11,18,15,41,137,achiupr01
2,Bam Adebayo,C,26,MIA,42,42,1450,320,629,0.509,1,11,0.091,319,618,0.516,0.510,208,269,0.773,92,349,441,169,42,41,102,105,849,adebaba01
3,Ochai Agbaji,SG,23,UTA,51,10,1003,106,249,0.426,47,142,0.331,59,107,0.551,0.520,15,20,0.750,35,91,126,47,27,29,34,66,274,agbajoc01
4,Santi Aldama,PF,23,MEM,40,14,975,161,369,0.436,69,193,0.358,92,176,0.523,0.530,35,56,0.625,47,179,226,78,26,27,46,60,426,aldamsa01
5,Nickeil Alexander-Walker,SG,25,MIN,52,16,1197,126,302,0.417,72,200,0.360,54,102,0.529,0.536,28,37,0.757,21,78,99,132,45,26,48,97,352,alexani01
6,Grayson Allen,SG,28,PHO,46,46,1514,198,384,0.516,118,239,0.494,80,145,0.552,0.669,76,86,0.884,30,154,184,144,40,29,63,100,590,allengr01
7,Jarrett Allen,C,25,CLE,45,45,1370,284,443,0.641,0,3,0.000,284,440,0.645,0.641,127,168,0.756,158,316,474,125,36,53,81,102,695,allenja01
8,Jose Alvarado,PG,25,NOP,33,0,538,82,194,0.423,43,114,0.377,39,80,0.488,0.534,23,35,0.657,13,56,69,60,34,10,23,48,230,alvarjo01
9,Kyle Anderson,PF,30,MIN,52,2,1137,125,265,0.472,6,31,0.194,119,234,0.509,0.483,64,94,0.681,41,139,180,206,42,29,66,79,320,anderky01
10,Giannis Antetokounmpo,PF,29,MIL,50,50,1764,581,953,0.610,23,91,0.253,558,862,0.647,0.622,368,561,0.656,129,430,559,318,69,53,180,151,1553,antetgi01
11,Thanasis Antetokounmpo,PF,31,MIL,20,0,83,8,16,0.500,0,0,,8,16,0.500,0.500,0,0,,4,4,8,9,2,3,9,15,16,antetth01
12,Cole Anthony,PG,23,ORL,51,0,1173,207,480,0.431,55,167,0.329,152,313,0.486,0.489,142,169,0.840,45,156,201,159,42,21,91,127,611,anthoco01
13,OG Anunoby,SF,26,TOT,41,41,1400,238,478,0.498,86,227,0.379,152,251,0.606,0.588,65,84,0.774,39,132,171,93,53,28,62,96,627,anunoog01
13,OG Anunoby,SF,26,TOR,27,27,900,157,321,0.489,61,163,0.374,96,158,0.608,0.584,33,46,0.717,24,82,106,72,28,13,43,62,408,anunoog01
13,OG Anunoby,SF,26,NYK,14,14,500,81,157,0.516,25,64,0.391,56,93,0.602,0.596,32,38,0.842,15,50,65,21,25,15,19,34,219,anunoog01
14,Ryan Arcidiacono,PG,29,NYK,20,0,45,0,6,0.000,0,6,0.000,0,0,,0.000,0,0,,0,8,8,4,2,0,2,5,0,arcidry01
15,Deni Avdija,SF,23,WAS,50,50,1366,235,463,0.508,51,131,0.389,184,332,0.554,0.563,109,148,0.736,50,258,308,190,42,21,93,124,630,avdijde01
16,Deandre Ayton,C,25,POR,34,34,1083,216,388,0.557,0,0,,216,388,0.557,0.557,38,47,0.809,104,243,347,55,34,25,60,77,470,aytonde01
17,Udoka Azubuike,C,24,PHO,13,0,103,16,22,0.727,0,0,,16,22,0.727,0.727,3,11,0.273,11,20,31,3,0,6,4,17,35,azubuud01
18,Ibou Badji,C,21,POR,14,1,173,9,15,0.600,0,0,,9,15,0.600,0.600,3,6,0.500,18,26,44,10,2,19,12,34,21,badjiib01
19,Marvin Bagley III,C,24,TOT,34,12,670,154,258,0.597,2,9,0.222,152,249,0.610,0.601,79,105,0.752,79,106,185,38,10,17,45,64,389,baglema01
19,Marvin Bagley III,C,24,DET,26,10,478,107,181,0.591,1,6,0.167,106,175,0.606,0.594,50,61,0.820,46,72,118,27,5,14,29,40,265,baglema01
19,Marvin Bagley III,C,24,WAS,8,2,192,47,77,0.610,1,3,0.333,46,74,0.622,0.617,29,44,0.659,33,34,67,11,5,3,16,24,124,baglema01
20,Amari Bailey,PG,19,CHO,2,0,11,2,6,0.333,0,2,0.000,2,4,0.500,0.333,1,2,0.500,2,0,2,0,0,0,1,0,5,baileam01
21,Patrick Baldwin Jr.,SF,21,WAS,17,0,123,16,41,0.390,10,22,0.455,6,19,0.316,0.512,8,12,0.667,7,29,36,7,1,3,6,20,50,baldwpa01
22,LaMelo Ball,PG,22,CHO,22,22,711,183,423,0.433,70,197,0.355,113,226,0.500,0.515,90,104,0.865,29,84,113,176,40,4,83,79,526,ballla01
23,Mo Bamba,C,25,PHI,29,0,293,47,93,0.505,10,23,0.435,37,70,0.529,0.559,16,25,0.640,41,64,105,15,11,26,19,43,120,bambamo01
24,Paolo Banchero,PF,21,ORL,52,52,1810,422,929,0.454,77,214,0.360,345,715,0.483,0.496,266,382,0.696,60,298,358,266,56,27,155,106,1187,banchpa01
25,Desmond Bane,SG,25,MEM,37,37,1277,330,696,0.474,123,320,0.384,207,376,0.551,0.563,121,140,0.864,34,135,169,196,38,20,99,106,904,banede01
26,Dalano Banton,PG,24,BOS,24,1,171,19,51,0.373,2,16,0.125,17,35,0.486,0.392,16,20,0.800,12,23,35,19,5,3,10,20,56,bantoda01
27,Dominick Barlow,PF,20,SAS,22,1,295,39,79,0.494,3,7,0.429,36,72,0.500,0.513,17,28,0.607,26,49,75,26,9,12,5,33,98,barlodo01
28,Harrison Barnes,PF,31,SAC,50,50,1499,211,442,0.477,97,244,0.398,114,198,0.576,0.587,89,110,0.809,41,105,146,61,37,8,37,61,608,barneha02
29,Scottie Barnes,SG,22,TOR,51,51,1798,383,801,0.478,96,265,0.362,287,536,0.535,0.538,168,218,0.771,113,294,407,293,62,75,136,102,1030,barnesc01
30,RJ Barrett,SG,23,TOT,41,41,1280,287,610,0.470,67,191,0.351,220,419,0.525,0.525,152,199,0.764,34,182,216,117,21,16,75,90,793,barrerj01
30,RJ Barrett,SG,23,NYK,26,26,766,164,388,0.423,43,130,0.331,121,258,0.469,0.478,103,124,0.831,19,92,111,63,12,9,47,45,474,barrerj01
30,RJ Barrett,SG,23,TOR,15,15,514,123,222,0.554,24,61,0.393,99,161,0.615,0.608,49,75,0.653,15,90,105,54,9,7,28,45,319,barrerj01
31,Charles Bassey,C,23,SAS,19,0,205,29,40,0.725,0,1,0.000,29,39,0.744,0.725,5,6,0.833,23,53,76,21,8,17,15,31,63,bassech01
32,Emoni Bates,SF,20,CLE,10,0,76,6,25,0.240,5,20,0.250,1,5,0.200,0.340,1,2,0.500,1,9,10,6,1,2,1,5,18,batesem01
33,Keita Bates-Diop,SF,28,PHO,39,8,597,64,150,0.427,20,64,0.313,44,86,0.512,0.493,26,36,0.722,30,71,101,34,22,20,13,33,174,bateske01
34,Nicolas Batum,PF,35,TOT,34,27,846,70,135,0.519,44,97,0.454,26,38,0.684,0.681,9,14,0.643,42,89,131,78,23,25,21,68,193,batumni01
34,Nicolas Batum,PF,35,LAC,3,0,54,3,8,0.375,2,7,0.286,1,1,1.000,0.500,0,0,,0,7,7,5,3,4,1,5,8,batumni01
34,Nicolas Batum,PF,35,PHI,31,27,792,67,127,0.528,42,90,0.467,25,37,0.676,0.693,9,14,0.643,42,82,124,73,20,21,20,63,185,batumni01
35,Bradley Beal,SG,30,PHO,28,28,940,205,414,0.495,47,130,0.362,158,284,0.556,0.552,69,89,0.775,23,98,121,130,25,8,71,74,526,bealbr01
36,Malik Beasley,SG,27,MIL,50,50,1483,203,439,0.462,139,318,0.437,64,121,0.529,0.621,16,24,0.667,34,166,200,70,37,6,37,104,561,beaslma01
37,MarJon Beauchamp,SF,23,MIL,37,1,546,68,141,0.482,25,64,0.391,43,77,0.558,0.571,12,20,0.600,20,65,85,29,11,6,24,47,173,beaucma01
38,Jules Bernard,SG,24,WAS,6,0,28,3,12,0.250,1,8,0.125,2,4,0.500,0.292,0,0,,2,3,5,5,1,1,2,4,7,bernaju01
39,Dāvis Bertāns,PF,31,OKC,15,0,91,10,26,0.385,10,24,0.417,0,2,0.000,0.577,14,15,0.933,2,8,10,9,3,3,1,10,44,bertada01
40,Patrick Beverley,PG,35,PHI,47,5,919,104,241,0.432,35,109,0.321,69,132,0.523,0.504,51,63,0.810,30,115,145,144,24,18,49,83,294,beverpa01
41,Saddiq Bey,SF,24,ATL,50,38,1620,225,535,0.421,88,280,0.314,137,255,0.537,0.503,126,154,0.818,130,198,328,71,45,6,43,78,664,beysa01
42,Goga Bitadze,C,24,ORL,43,31,815,110,179,0.615,2,10,0.200,108,169,0.639,0.620,46,68,0.676,96,154,250,67,27,62,32,92,268,bitadgo01
43,Onuralp Bitim,SG,24,CHI,1,0,3,0,0,,0,0,,0,0,,,0,0,,0,0,0,0,0,0,0,0,0,bitimon01
44,Bismack Biyombo,C,31,MEM,30,27,718,67,119,0.563,0,0,,67,119,0.563,0.563,22,46,0.478,57,134,191,51,10,34,38,82,156,biyombi01
45,Anthony Black,PG,20,ORL,48,29,880,87,176,0.494,24,63,0.381,63,113,0.558,0.563,40,61,0.656,24,81,105,77,26,17,42,92,238,blackan01
46,Leaky Black,SF,24,CHO,21,2,188,16,37,0.432,7,15,0.467,9,22,0.409,0.527,7,12,0.583,7,25,32,16,5,6,3,13,46,blackle01
47,Bogdan Bogdanović,SG,31,ATL,49,7,1413,297,692,0.429,153,415,0.369,144,277,0.520,0.540,88,97,0.907,27,129,156,134,64,11,55,118,835,bogdabo01
48,Bojan Bogdanović,PF,34,DET,28,27,921,199,425,0.468,86,207,0.415,113,218,0.518,0.569,81,104,0.779,13,81,94,71,23,4,63,57,565,bogdabo02
49,Bol Bol,PF,24,PHO,15,0,133,26,38,0.684,3,10,0.300,23,28,0.821,0.724,4,5,0.800,11,30,41,7,4,9,9,15,59,bolbo01
50,Marques Bolden,C,25,MIL,2,0,3,0,0,,0,0,,0,0,,,0,0,,0,2,2,0,0,0,0,1,0,boldema01
51,Devin Booker,PG,27,PHO,42,42,1515,412,821,0.502,96,249,0.386,316,572,0.552,0.560,253,291,0.869,28,171,199,299,37,17,109,128,1173,bookede01
52,Brandon Boston Jr.,SF,22,LAC,14,0,105,20,50,0.400,6,17,0.353,14,33,0.424,0.460,9,10,0.900,7,7,14,5,2,2,5,14,55,bostobr01
53,Chris Boucher,PF,31,TOR,45,0,630,96,198,0.485,29,88,0.330,67,110,0.609,0.558,60,79,0.759,54,129,183,19,13,20,22,61,281,bouchch01
54,James Bouknight,SG,23,CHO,14,0,81,18,41,0.439,13,30,0.433,5,11,0.455,0.598,1,2,0.500,1,8,9,6,1,1,2,3,50,bouknja01
55,Jamaree Bouyea,PG,24,POR,6,0,57,5,21,0.238,0,8,0.000,5,13,0.385,0.238,0,0,,2,8,10,8,0,0,8,3,10,bouyeja01
56,Malaki Branham,PG,20,SAS,47,21,949,150,352,0.426,42,141,0.298,108,211,0.512,0.486,26,28,0.929,14,79,93,105,19,5,54,59,368,branhma01
57,Christian Braun,SG,22,DEN,52,0,972,131,294,0.446,34,93,0.366,97,201,0.483,0.503,62,85,0.729,41,139,180,73,19,19,35,76,358,braunch01
58,Mikal Bridges,SF,27,BRK,51,51,1801,394,868,0.454,130,352,0.369,264,516,0.512,0.529,201,244,0.824,44,206,250,189,48,22,116,81,1119,bridgmi01
59,Miles Bridges,SF,25,CHO,39,37,1450,325,700,0.464,97,263,0.369,228,437,0.522,0.534,106,123,0.862,35,246,281,127,40,22,77,76,853,bridgmi02
60,Oshae Brissett,SF,25,BOS,33,0,369,43,94,0.457,11,38,0.289,32,56,0.571,0.516,30,43,0.698,35,61,96,22,13,2,11,36,127,brissos01
61,Malcolm Brogdon,PG,31,POR,39,25,1121,218,496,0.440,82,199,0.412,136,297,0.458,0.522,95,116,0.819,28,120,148,214,27,8,60,58,613,brogdma01
62,Armoni Brooks,PG,25,BRK,10,0,104,15,46,0.326,11,32,0.344,4,14,0.286,0.446,1,2,0.500,7,11,18,5,1,1,3,3,42,brookar01
63,Dillon Brooks,SF,28,HOU,41,41,1276,204,445,0.458,77,196,0.393,127,249,0.510,0.545,79,94,0.840,29,112,141,66,39,4,57,147,564,brookdi01
64,Bruce Brown,SG-PG,27,TOT,43,38,1246,187,395,0.473,40,121,0.331,147,274,0.536,0.524,81,96,0.844,37,166,203,123,45,15,52,104,495,brownbr01
64,Bruce Brown,SG,27,IND,33,33,981,149,314,0.475,33,101,0.327,116,213,0.545,0.527,67,82,0.817,25,129,154,100,35,8,41,81,398,brownbr01
64,Bruce Brown,PG,27,TOR,10,5,265,38,81,0.469,7,20,0.350,31,61,0.508,0.512,14,14,1.000,12,37,49,23,10,7,11,23,97,brownbr01
65,Charlie Brown Jr.,SG,26,NYK,5,0,29,2,9,0.222,2,6,0.333,0,3,0.000,0.333,0,0,,1,1,2,0,0,2,2,5,6,brownch02
66,Greg Brown III,PF,22,DAL,6,0,40,5,11,0.455,1,3,0.333,4,8,0.500,0.500,4,9,0.444,3,6,9,4,0,4,4,5,15,browngr01
67,Jaylen Brown,SF,27,BOS,47,47,1561,402,815,0.493,93,269,0.346,309,546,0.566,0.550,145,199,0.729,50,206,256,178,52,28,111,124,1042,brownja02
68,Kendall Brown,SG,20,IND,5,0,20,3,6,0.500,0,1,0.000,3,5,0.600,0.500,4,6,0.667,2,0,2,2,0,0,0,4,10,brownke03
69,Kobe Brown,PF,24,LAC,31,0,274,23,61,0.377,12,39,0.308,11,22,0.500,0.475,1,2,0.500,9,33,42,17,6,3,5,40,59,brownko01
70,Moses Brown,C,24,POR,9,4,82,9,21,0.429,0,0,,9,21,0.429,0.429,0,4,0.000,18,28,46,2,2,3,4,11,18,brownmo01
71,Troy Brown Jr.,SF,24,MIN,37,3,410,52,118,0.441,31,84,0.369,21,34,0.618,0.572,19,22,0.864,14,58,72,35,8,2,18,26,154,browntr01
72,Jalen Brunson,PG,27,NYK,49,49,1754,476,988,0.482,131,319,0.411,345,669,0.516,0.548,252,302,0.834,29,162,191,319,45,10,113,99,1335,brunsja01
73,Thomas Bryant,C,26,MIA,25,3,259,44,77,0.571,0,4,0.000,44,73,0.603,0.571,18,22,0.818,25,52,77,15,6,5,15,26,106,bryanth01
74,Kobe Bufkin,SG,20,ATL,3,0,6,1,4,0.250,1,2,0.500,0,2,0.000,0.375,1,2,0.500,1,2,3,1,0,0,0,0,4,bufkiko01
75,Reggie Bullock,SF,32,HOU,20,0,180,17,42,0.405,12,31,0.387,5,11,0.455,0.548,1,1,1.000,3,25,28,10,4,2,5,9,47,bullore01
76,Alec Burks,SG,32,DET,43,0,901,160,406,0.394,99,247,0.401,61,159,0.384,0.516,121,134,0.903,16,94,110,68,21,11,32,64,540,burksal01
77,Jared Butler,SG,23,WAS,17,0,128,28,50,0.560,10,24,0.417,18,26,0.692,0.660,12,15,0.800,0,11,11,31,8,2,10,14,78,butleja02
78,Jimmy Butler,PF,34,MIA,37,37,1254,248,496,0.500,37,84,0.440,211,412,0.512,0.537,259,298,0.869,75,127,202,170,49,11,63,40,792,butleji01
79,Jamal Cain,PF,24,MIA,14,1,209,29,66,0.439,8,25,0.320,21,41,0.512,0.500,14,19,0.737,12,17,29,3,9,4,4,16,80,cainja01
80,Kentavious Caldwell-Pope,SG,30,DEN,49,49,1587,174,390,0.446,72,189,0.381,102,201,0.507,0.538,81,88,0.920,21,94,115,114,66,23,49,96,501,caldwke01
81,Toumani Camara,PF,23,POR,50,31,1193,127,299,0.425,36,124,0.290,91,175,0.520,0.485,51,71,0.718,93,147,240,48,52,23,56,127,341,camarto01
82,Clint Capela,C,29,ATL,47,47,1209,227,395,0.575,0,0,,227,395,0.575,0.575,85,131,0.649,225,271,496,46,27,72,40,113,539,capelca01
83,Jevon Carter,PG,28,CHI,50,0,680,98,265,0.370,57,170,0.335,41,95,0.432,0.477,3,5,0.600,5,31,36,59,25,12,27,51,256,carteje01
84,Wendell Carter Jr.,C,24,ORL,26,20,678,105,201,0.522,32,75,0.427,73,126,0.579,0.602,52,72,0.722,50,123,173,43,13,12,30,61,294,cartewe01
85,Alex Caruso,SG,29,CHI,45,33,1212,154,322,0.478,78,196,0.398,76,126,0.603,0.599,55,71,0.775,43,126,169,129,61,50,62,114,441,carusal01
86,Colin Castleton,C,23,LAL,5,0,32,6,9,0.667,0,0,,6,9,0.667,0.667,4,4,1.000,4,5,9,3,0,0,1,6,16,castlco01
87,Malcolm Cazalon,SG,22,DET,1,0,3,0,0,,0,0,,0,0,,,0,0,,0,0,0,0,0,0,0,0,0,cazalma01
88,Julian Champagnie,SF,22,SAS,45,30,748,86,214,0.402,59,155,0.381,27,59,0.458,0.540,37,45,0.822,24,87,111,50,27,26,30,48,268,champju02
89,Max Christie,SG,20,LAL,43,7,740,78,185,0.422,32,90,0.356,46,95,0.484,0.508,29,37,0.784,10,103,113,43,16,14,31,53,217,chrisma02
90,Sidy Cissoko,SF,19,SAS,5,0,32,1,6,0.167,0,4,0.000,1,2,0.500,0.167,4,4,1.000,0,6,6,0,3,0,1,2,6,cissosi01
91,Jordan Clarkson,SG,31,UTA,43,19,1289,266,641,0.415,70,241,0.290,196,400,0.490,0.470,140,160,0.875,40,105,145,208,25,5,118,58,742,clarkjo01
92,Nic Claxton,C,24,BRK,41,41,1218,218,350,0.623,1,3,0.333,217,347,0.625,0.624,63,110,0.573,121,300,421,79,27,96,49,104,500,claxtni01
93,Noah Clowney,PF,19,BRK,5,0,57,10,17,0.588,0,3,0.000,10,14,0.714,0.588,6,6,1.000,6,6,12,4,0,1,2,5,26,clownno01
94,Amir Coffey,SF,26,LAC,38,7,659,80,142,0.563,31,70,0.443,49,72,0.681,0.673,32,37,0.865,13,49,62,29,17,5,15,47,223,coffeam01
95,John Collins,PF,26,UTA,49,47,1360,279,534,0.522,59,172,0.343,220,362,0.608,0.578,89,114,0.781,109,289,398,51,28,40,66,137,706,collijo01
96,Zach Collins,C,26,SAS,40,24,993,184,382,0.482,36,129,0.279,148,253,0.585,0.529,75,97,0.773,72,150,222,125,21,28,85,133,479,colliza01
97,Mike Conley,PG,36,MIN,47,47,1373,170,381,0.446,111,248,0.448,59,133,0.444,0.592,54,59,0.915,15,117,132,306,46,9,50,81,505,conlemi01
98,Pat Connaughton,SF,31,MIL,46,2,979,88,194,0.454,53,138,0.384,35,56,0.625,0.590,20,29,0.690,28,115,143,89,22,9,28,60,249,connapa01
99,Bilal Coulibaly,SF,19,WAS,49,3,1306,145,316,0.459,48,127,0.378,97,189,0.513,0.535,60,87,0.690,37,157,194,86,42,39,69,103,398,coulibi01
100,Ricky Council IV,SG,22,PHI,10,0,59,14,26,0.538,3,6,0.500,11,20,0.550,0.596,20,25,0.800,4,4,8,1,2,0,1,3,51,councri01
101,Robert Covington,SF-PF,33,TOT,29,6,488,43,98,0.439,19,56,0.339,24,42,0.571,0.536,22,26,0.846,31,66,97,24,39,18,11,56,127,covinro01
101,Robert Covington,PF,33,LAC,3,3,69,3,9,0.333,2,8,0.250,1,1,1.000,0.444,1,2,0.500,2,6,8,7,6,2,0,7,9,covinro01
101,Robert Covington,SF,33,PHI,26,3,419,40,89,0.449,17,48,0.354,23,41,0.561,0.545,21,24,0.875,29,60,89,17,33,16,11,49,118,covinro01
102,Torrey Craig,SF,33,CHI,30,7,624,64,153,0.418,32,88,0.364,32,65,0.492,0.523,20,25,0.800,53,91,144,30,18,12,18,71,180,craigto01
103,Jae Crowder,PF,33,MIL,21,5,523,57,125,0.456,33,82,0.402,24,43,0.558,0.588,14,21,0.667,9,64,73,34,16,5,9,38,161,crowdja01
104,Cade Cunningham,PG,22,DET,41,41,1410,343,765,0.448,74,218,0.339,269,547,0.492,0.497,158,184,0.859,16,146,162,303,40,13,150,113,918,cunnica01
105,Seth Curry,SG,33,DAL,36,3,457,54,145,0.372,29,80,0.363,25,65,0.385,0.472,17,19,0.895,15,37,52,30,17,3,16,32,154,curryse01
106,Stephen Curry,PG,35,GSW,46,46,1537,419,903,0.464,225,540,0.417,194,363,0.534,0.589,226,243,0.930,21,177,198,221,35,19,140,85,1289,curryst01
107,Dyson Daniels,PG,20,NOP,51,15,1112,110,252,0.437,30,107,0.280,80,145,0.552,0.496,31,48,0.646,51,139,190,135,71,20,50,81,281,daniedy01
108,Anthony Davis,C,30,LAL,49,49,1763,467,844,0.553,17,60,0.283,450,784,0.574,0.563,266,330,0.806,152,445,597,189,57,119,101,118,1217,davisan02
109,Johnny Davis,SG,21,WAS,23,0,183,24,59,0.407,2,7,0.286,22,52,0.423,0.424,4,7,0.571,9,12,21,7,8,2,6,14,54,davisjo06
110,JD Davison,SG,21,BOS,2,0,6,0,1,0.000,0,1,0.000,0,0,,0.000,2,2,1.000,1,1,2,0,0,0,0,0,2,davisjd01
111,Dexter Dennis,SG,24,DAL,4,0,30,10,19,0.526,1,8,0.125,9,11,0.818,0.553,1,3,0.333,1,8,9,4,0,1,3,1,22,dennide01
112,DeMar DeRozan,SF,34,CHI,50,50,1873,385,823,0.468,48,140,0.343,337,683,0.493,0.497,303,355,0.854,30,177,207,263,61,33,78,108,1121,derozde01
113,Moussa Diabaté,C,22,LAC,10,0,58,9,18,0.500,0,0,,9,18,0.500,0.500,9,12,0.750,14,6,20,4,4,0,2,4,27,diabamo01
114,Mamadi Diakite,PF,27,SAS,3,0,16,4,5,0.800,0,0,,4,5,0.800,0.800,4,6,0.667,1,2,3,2,0,1,0,1,12,diakima01
115,Hamidou Diallo,SG,25,WAS,2,0,5,1,2,0.500,0,0,,1,2,0.500,0.500,0,0,,2,0,2,1,2,0,1,1,2,diallha01
116,Gradey Dick,SG,20,TOR,30,1,435,48,129,0.372,25,78,0.321,23,51,0.451,0.469,20,22,0.909,13,39,52,36,16,0,19,39,141,dickgr01
117,Ousmane Dieng,PF,20,OKC,26,0,297,41,89,0.461,19,57,0.333,22,32,0.688,0.567,12,14,0.857,9,37,46,24,3,1,13,18,113,diengou01
118,Spencer Dinwiddie,PG,30,BRK,48,48,1474,195,499,0.391,89,278,0.320,106,221,0.480,0.480,125,160,0.781,26,132,158,288,38,9,62,86,604,dinwisp01
119,Donte DiVincenzo,SG,27,NYK,52,34,1267,246,534,0.461,157,372,0.422,89,162,0.549,0.608,51,69,0.739,38,131,169,125,60,17,59,100,700,divindo01
120,Luka Dončić,PG,24,DAL,44,44,1661,514,1052,0.489,174,460,0.378,340,592,0.574,0.571,319,411,0.776,34,353,387,416,65,26,173,85,1521,doncilu01
121,Luguentz Dort,SF,24,OKC,49,49,1399,176,403,0.437,92,236,0.390,84,167,0.503,0.551,79,98,0.806,56,131,187,65,40,36,44,149,523,dortlu01
122,Ayo Dosunmu,SG,24,CHI,50,11,1238,186,374,0.497,59,153,0.386,127,221,0.575,0.576,46,59,0.780,32,93,125,111,39,24,52,100,477,dosunay01
123,Andre Drummond,C,30,CHI,52,8,858,174,308,0.565,0,2,0.000,174,306,0.569,0.565,75,136,0.551,176,268,444,28,57,34,54,88,423,drumman01
124,Chris Duarte,SF,26,SAC,36,11,464,46,127,0.362,22,69,0.319,24,58,0.414,0.449,20,26,0.769,14,51,65,32,18,2,20,61,134,duartch01
125,Kris Dunn,PG,29,UTA,45,27,806,98,207,0.473,29,69,0.420,69,138,0.500,0.543,13,20,0.650,32,99,131,192,44,22,57,83,238,dunnkr01
126,Kevin Durant,PF,35,PHO,45,45,1668,462,857,0.539,103,228,0.452,359,629,0.571,0.599,249,286,0.871,22,269,291,255,42,58,141,83,1276,duranke01
127,Jalen Duren,C,20,DET,36,35,1090,227,350,0.649,0,3,0.000,227,347,0.654,0.649,66,89,0.742,121,311,432,92,12,30,70,117,520,durenja01
128,Tari Eason,PF,22,HOU,22,0,480,88,189,0.466,18,50,0.360,70,139,0.504,0.513,21,33,0.636,46,107,153,27,31,19,20,51,215,easonta01
129,Anthony Edwards,SG,22,MIN,49,49,1719,437,939,0.465,126,321,0.393,311,618,0.503,0.532,267,320,0.834,29,226,255,256,58,24,165,98,1267,edwaran01
130,Kessler Edwards,SF,23,SAC,34,0,170,19,48,0.396,10,30,0.333,9,18,0.500,0.500,3,4,0.750,5,21,26,9,4,4,1,14,51,edwarke02
131,Keon Ellis,SG,24,SAC,29,3,345,36,84,0.429,26,69,0.377,10,15,0.667,0.583,11,17,0.647,9,28,37,35,14,12,16,39,109,elliske01
132,Joel Embiid,C,29,PHI,34,34,1157,402,754,0.533,41,112,0.366,361,642,0.562,0.560,356,403,0.883,89,295,384,193,39,60,126,98,1201,embiijo01
133,Drew Eubanks,C,26,PHO,46,3,744,107,169,0.633,3,3,1.000,104,166,0.627,0.642,48,66,0.727,61,138,199,44,15,37,45,79,265,eubandr01
134,Tosan Evbuomwan,SF,22,MEM,4,0,74,4,15,0.267,2,8,0.250,2,7,0.286,0.333,0,0,,8,6,14,6,0,1,1,5,10,evbuoto01
135,Dante Exum,PG,28,DAL,32,14,631,116,203,0.571,31,65,0.477,85,138,0.616,0.648,32,44,0.727,18,71,89,91,18,5,27,51,295,exumda01
136,Bruno Fernando,C,25,ATL,15,0,110,19,37,0.514,0,3,0.000,19,34,0.559,0.514,16,28,0.571,9,25,34,6,2,7,8,14,54,fernabr01
137,Dorian Finney-Smith,PF,30,BRK,42,31,1211,140,340,0.412,88,230,0.383,52,110,0.473,0.541,14,20,0.700,72,130,202,60,31,26,34,94,382,finnedo01
138,Malachi Flynn,PG,25,TOT,45,0,534,65,160,0.406,32,93,0.344,33,67,0.493,0.506,26,33,0.788,13,58,71,79,19,6,36,45,188,flynnma01
138,Malachi Flynn,PG,25,TOR,31,0,474,56,137,0.409,28,80,0.350,28,57,0.491,0.511,17,22,0.773,13,52,65,73,18,6,33,42,157,flynnma01
138,Malachi Flynn,PG,25,NYK,14,0,60,9,23,0.391,4,13,0.308,5,10,0.500,0.478,9,11,0.818,0,6,6,6,1,0,3,3,31,flynnma01
139,Simone Fontecchio,SF,28,UTA,50,34,1160,161,358,0.450,91,233,0.391,70,125,0.560,0.577,32,40,0.800,52,124,176,73,30,18,51,81,445,fontesi01
140,Jordan Ford,PG,25,SAC,6,0,22,4,7,0.571,2,3,0.667,2,4,0.500,0.714,2,2,1.000,0,2,2,2,0,0,1,0,12,fordjo01
141,Trent Forrest,SG,25,ATL,19,0,202,15,47,0.319,2,7,0.286,13,40,0.325,0.340,8,10,0.800,5,21,26,38,7,1,10,17,40,forretr01
142,Evan Fournier,SG,31,NYK,3,0,39,4,20,0.200,2,15,0.133,2,5,0.400,0.250,2,2,1.000,0,4,4,3,4,0,1,4,12,fournev01
143,De'Aaron Fox,PG,26,SAC,44,44,1566,422,904,0.467,131,346,0.379,291,558,0.522,0.539,209,294,0.711,36,141,177,235,80,19,110,114,1184,foxde01
144,Javon Freeman-Liberty,PG,24,TOR,2,0,4,1,3,0.333,0,0,,1,3,0.333,0.333,0,0,,1,0,1,0,0,0,0,0,2,freemja01
145,Alex Fudge,SF,20,LAL,4,0,14,1,6,0.167,0,2,0.000,1,4,0.250,0.167,2,2,1.000,2,0,2,0,0,0,1,1,4,fudgeal01
146,Markelle Fultz,PG,25,ORL,19,13,469,79,157,0.503,1,5,0.200,78,152,0.513,0.506,8,15,0.533,25,36,61,70,26,7,22,34,167,fultzma01
147,Daniel Gafford,C,25,WAS,45,45,1192,203,294,0.690,0,0,,203,294,0.690,0.690,84,119,0.706,131,230,361,69,44,97,46,147,490,gaffoda01
148,Danilo Gallinari,PF-SF,35,TOT,32,0,475,69,153,0.451,27,76,0.355,42,77,0.545,0.539,68,80,0.850,14,76,90,43,8,5,13,35,233,gallida01
148,Danilo Gallinari,PF,35,WAS,26,0,385,57,131,0.435,20,64,0.313,37,67,0.552,0.511,47,56,0.839,12,64,76,31,6,3,12,26,181,gallida01
148,Danilo Gallinari,SF,35,DET,6,0,90,12,22,0.545,7,12,0.583,5,10,0.500,0.705,21,24,0.875,2,12,14,12,2,2,1,9,52,gallida01
149,Darius Garland,PG,24,CLE,26,26,832,177,375,0.472,42,127,0.331,135,248,0.544,0.528,88,103,0.854,13,49,62,148,37,4,90,37,484,garlada01
150,Usman Garuba,PF,21,GSW,2,0,6,0,1,0.000,0,0,,0,1,0.000,0.000,0,0,,0,0,0,1,1,0,0,1,0,garubus01
151,Luka Garza,C,25,MIN,12,0,36,10,23,0.435,2,7,0.286,8,16,0.500,0.478,6,10,0.600,5,5,10,2,0,0,2,9,28,garzalu01
152,Kaiser Gates,SF,27,NOP,1,0,7,0,4,0.000,0,2,0.000,0,2,0.000,0.000,0,0,,0,1,1,0,0,0,0,0,0,gateska01
153,Keyonte George,PG,20,UTA,47,16,1143,168,435,0.386,81,243,0.333,87,192,0.453,0.479,115,140,0.821,14,119,133,198,20,4,93,48,532,georgke01
154,Paul George,PF,33,LAC,47,47,1586,367,804,0.456,156,387,0.403,211,417,0.506,0.553,158,174,0.908,27,223,250,170,76,19,98,135,1048,georgpa01
155,Taj Gibson,PF,38,NYK,13,0,132,7,18,0.389,0,6,0.000,7,12,0.583,0.389,2,2,1.000,8,15,23,7,1,6,4,24,16,gibsota01
156,Josh Giddey,SG,21,OKC,50,50,1251,236,522,0.452,47,142,0.331,189,380,0.497,0.497,62,75,0.827,70,241,311,227,33,26,102,61,581,giddejo01
157,Harry Giles,C,25,BRK,16,0,81,22,44,0.500,3,11,0.273,19,33,0.576,0.534,7,13,0.538,12,14,26,6,1,3,6,15,54,gilesha01
158,Shai Gilgeous-Alexander,PG,25,OKC,50,50,1729,545,997,0.547,61,170,0.359,484,827,0.585,0.577,403,453,0.890,46,235,281,329,112,43,109,128,1554,gilgesh01
159,Anthony Gill,PF,31,WAS,29,0,163,23,47,0.489,3,12,0.250,20,35,0.571,0.521,12,16,0.750,13,24,37,11,6,6,15,12,61,gillan01
160,Collin Gillespie,PG,24,DEN,15,0,97,12,25,0.480,4,13,0.308,8,12,0.667,0.560,4,5,0.800,1,4,5,9,5,0,5,12,32,gilleco01
161,Jacob Gilyard,PG,25,MEM,35,13,617,58,135,0.430,49,113,0.434,9,22,0.409,0.611,2,2,1.000,8,31,39,122,25,5,27,35,167,gilyaja01
162,Rudy Gobert,C,31,MIN,51,51,1704,263,405,0.649,0,2,0.000,263,403,0.653,0.649,172,269,0.639,178,461,639,63,33,104,77,151,698,goberru01
163,Jordan Goodwin,PG,25,PHO,40,0,558,75,193,0.389,23,80,0.288,52,113,0.460,0.448,25,29,0.862,40,77,117,78,23,9,29,43,198,goodwjo01
164,Aaron Gordon,PF,28,DEN,46,46,1467,247,454,0.544,25,84,0.298,222,370,0.600,0.572,105,167,0.629,117,185,302,144,36,31,61,88,624,gordoaa01
165,Eric Gordon,SG,35,PHO,44,21,1319,202,439,0.460,109,281,0.388,93,158,0.589,0.584,34,43,0.791,13,82,95,101,41,21,56,56,547,gordoer01
166,Devonte' Graham,PG,28,SAS,10,0,88,11,28,0.393,7,20,0.350,4,8,0.500,0.518,6,8,0.750,2,11,13,19,3,1,3,4,35,grahade01
167,Jerami Grant,PF,29,POR,44,44,1488,327,708,0.462,92,227,0.405,235,481,0.489,0.527,217,266,0.816,31,135,166,117,31,32,88,99,963,grantje01
168,A.J. Green,SG,24,MIL,32,0,273,45,96,0.469,37,82,0.451,8,14,0.571,0.661,7,7,1.000,5,25,30,19,0,1,2,27,134,greenaj01
169,Danny Green,SG,36,PHI,2,0,18,0,2,0.000,0,1,0.000,0,1,0.000,0.000,0,0,,0,2,2,1,1,0,0,1,0,greenda02
170,Draymond Green,PF,33,GSW,25,22,668,82,168,0.488,25,62,0.403,57,106,0.538,0.563,33,42,0.786,32,129,161,151,18,23,64,77,222,greendr01
171,Jalen Green,SG,21,HOU,50,50,1540,316,760,0.416,105,328,0.320,211,432,0.488,0.485,182,225,0.809,20,217,237,164,35,16,108,67,919,greenja05
172,Jeff Green,PF,37,HOU,48,4,791,94,189,0.497,17,60,0.283,77,129,0.597,0.542,84,101,0.832,28,71,99,36,8,21,33,71,289,greenje02
173,Josh Green,SG,23,DAL,39,22,1074,133,275,0.484,58,142,0.408,75,133,0.564,0.589,29,45,0.644,24,105,129,101,28,6,44,76,353,greenjo02
174,AJ Griffin,SF,20,ATL,18,0,132,13,45,0.289,9,33,0.273,4,12,0.333,0.389,2,2,1.000,2,12,14,4,1,1,6,6,37,griffaj01
175,Quentin Grimes,SG,23,NYK,45,18,910,113,286,0.395,77,212,0.363,36,74,0.486,0.530,24,34,0.706,14,74,88,52,30,3,21,66,327,grimequ01
176,Mouhamed Gueye,PF,21,ATL,2,0,4,0,1,0.000,0,1,0.000,0,0,,0.000,0,0,,0,0,0,0,1,0,0,1,0,gueyemo02
177,Rui Hachimura,PF,25,LAL,39,10,918,163,331,0.492,44,115,0.383,119,216,0.551,0.559,61,81,0.753,31,113,144,42,28,10,30,53,431,hachiru01
178,Ashton Hagans,PG,24,POR,1,0,28,2,7,0.286,0,3,0.000,2,4,0.500,0.286,0,0,,0,2,2,3,0,0,2,3,4,haganas01
179,Tyrese Haliburton,PG,23,IND,40,39,1277,317,639,0.496,124,314,0.395,193,325,0.594,0.593,125,146,0.856,25,130,155,466,42,29,97,41,883,halibty01
180,R.J. Hampton,PG,22,MIA,8,2,76,4,14,0.286,1,8,0.125,3,6,0.500,0.321,1,2,0.500,2,4,6,8,0,0,3,8,10,hamptrj01
181,Tim Hardaway Jr.,SF,31,DAL,49,10,1474,298,712,0.419,159,432,0.368,139,280,0.496,0.530,121,138,0.877,17,164,181,83,24,2,45,74,876,hardati02
182,James Harden,PG,34,LAC,45,45,1553,231,513,0.450,127,298,0.426,104,215,0.484,0.574,192,220,0.873,18,210,228,382,55,41,116,94,781,hardeja01
183,Jaden Hardy,SG,21,DAL,47,6,739,138,346,0.399,64,177,0.362,74,169,0.438,0.491,37,51,0.725,15,82,97,80,16,3,38,55,377,hardyja02
184,Ron Harper Jr.,PF,23,TOR,1,0,4,0,0,,0,0,,0,0,,,0,0,,0,0,0,1,0,0,0,2,0,harpero02
185,Gary Harris,SG,29,ORL,31,6,696,76,175,0.434,39,119,0.328,37,56,0.661,0.546,25,32,0.781,15,35,50,57,26,8,17,54,216,harriga01
186,Joe Harris,SG,32,DET,16,0,170,14,39,0.359,10,30,0.333,4,9,0.444,0.487,1,2,0.500,3,10,13,10,3,2,4,19,39,harrijo01
187,Kevon Harris,SG,26,ORL,1,0,3,0,0,,0,0,,0,0,,,0,0,,0,1,1,0,0,0,1,1,0,harrike01
188,Tobias Harris,PF,31,PHI,46,46,1559,313,609,0.514,54,156,0.346,259,453,0.572,0.558,139,154,0.903,50,226,276,151,44,25,65,77,819,harrito02
189,Shaquille Harrison,SG,30,MEM,3,0,6,1,2,0.500,0,0,,1,2,0.500,0.500,0,0,,0,2,2,0,0,1,0,0,2,harrish01
190,Josh Hart,SF,28,NYK,51,12,1505,152,360,0.422,46,149,0.309,106,211,0.502,0.486,47,56,0.839,67,291,358,162,38,14,64,95,397,hartjo01
191,Isaiah Hartenstein,C,25,NYK,50,24,1280,143,231,0.619,1,3,0.333,142,228,0.623,0.621,70,99,0.707,171,263,434,101,58,55,59,145,357,harteis01
192,Sam Hauser,SF,26,BOS,50,5,1088,142,319,0.445,113,273,0.414,29,46,0.630,0.622,13,15,0.867,33,140,173,49,20,13,26,66,410,hausesa01
193,Jordan Hawkins,SG,21,NOP,46,10,952,150,373,0.402,93,243,0.383,57,130,0.438,0.527,61,72,0.847,25,100,125,60,16,4,35,60,454,hawkijo01
194,Jaxson Hayes,C,23,LAL,42,3,453,63,91,0.692,0,6,0.000,63,85,0.741,0.692,25,41,0.610,30,58,88,19,18,16,21,71,151,hayesja02
195,Killian Hayes,PG,22,DET,42,31,1008,117,283,0.413,22,74,0.297,95,209,0.455,0.452,33,50,0.660,11,108,119,205,36,20,51,75,289,hayeski01
196,Gordon Hayward,SF,33,CHO,25,25,798,139,297,0.468,22,61,0.361,117,236,0.496,0.505,62,81,0.765,25,92,117,116,28,12,51,46,362,haywago01
197,Scoot Henderson,PG,19,POR,41,15,1095,181,485,0.373,51,162,0.315,130,323,0.402,0.426,111,137,0.810,38,87,125,189,23,10,122,124,524,hendesc01
198,Taylor Hendricks,PF,20,UTA,14,0,199,24,63,0.381,13,37,0.351,11,26,0.423,0.484,6,8,0.750,13,24,37,7,9,8,11,13,67,hendrita01
199,Tyler Herro,SG,24,MIA,32,32,1072,250,574,0.436,106,260,0.408,144,314,0.459,0.528,62,74,0.838,17,153,170,139,29,2,71,47,668,herroty01
200,Buddy Hield,SF,31,IND,52,28,1336,229,517,0.443,137,357,0.384,92,160,0.575,0.575,28,33,0.848,34,133,167,139,43,31,62,103,623,hieldbu01
201,Haywood Highsmith,PF,27,MIA,37,24,765,78,181,0.431,40,107,0.374,38,74,0.514,0.541,19,24,0.792,29,75,104,41,33,18,24,74,215,highsha01
202,Nate Hinton,SG,24,HOU,10,0,43,7,15,0.467,5,8,0.625,2,7,0.286,0.633,2,2,1.000,2,7,9,4,1,1,2,8,21,hintona01
203,D'Moi Hodge,SG,25,LAL,7,0,41,5,15,0.333,3,12,0.250,2,3,0.667,0.433,1,2,0.500,0,0,0,5,1,1,1,4,14,hodgedm01
204,Aaron Holiday,PG,27,HOU,47,1,803,108,240,0.450,53,132,0.402,55,108,0.509,0.560,34,37,0.919,12,74,86,84,26,3,37,71,303,holidaa01
205,Jrue Holiday,PG,33,BOS,46,46,1537,228,492,0.463,93,220,0.423,135,272,0.496,0.558,55,66,0.833,62,212,274,211,36,34,88,73,604,holidjr01
206,Justin Holiday,SG,34,DEN,29,7,383,38,77,0.494,22,52,0.423,16,25,0.640,0.636,0,0,,5,27,32,27,17,2,6,39,98,holidju01
207,Richaun Holmes,C,30,DAL,23,2,237,33,59,0.559,0,0,,33,59,0.559,0.559,12,21,0.571,33,45,78,15,3,9,12,33,78,holmeri01
208,Chet Holmgren,C,21,OKC,51,51,1540,327,611,0.535,87,221,0.394,240,390,0.615,0.606,122,160,0.763,77,307,384,141,35,133,85,125,863,holmgch01
209,Jalen Hood-Schifino,SG,20,LAL,15,0,92,8,35,0.229,1,11,0.091,7,24,0.292,0.243,10,16,0.625,2,8,10,8,3,2,8,11,27,hoodsja01
210,Al Horford,C,37,BOS,42,21,1139,125,261,0.479,71,175,0.406,54,86,0.628,0.615,12,14,0.857,53,233,286,124,22,43,33,65,333,horfoal01
211,Talen Horton-Tucker,PG,23,UTA,33,11,689,128,315,0.406,38,116,0.328,90,199,0.452,0.467,57,74,0.770,15,68,83,132,33,11,51,64,351,hortota01
212,Danuel House Jr.,SF,30,PHI,34,4,509,47,105,0.448,15,50,0.300,32,55,0.582,0.519,35,46,0.761,16,42,58,28,15,5,19,45,144,houseda01
213,Caleb Houstan,SF,21,ORL,38,7,568,58,151,0.384,51,141,0.362,7,10,0.700,0.553,17,22,0.773,21,40,61,23,10,1,13,44,184,houstca01
214,Jett Howard,SF,20,ORL,11,0,42,7,19,0.368,4,14,0.286,3,5,0.600,0.474,2,4,0.500,1,4,5,3,0,1,2,1,20,howarje01
215,Kevin Huerter,SG,25,SAC,48,43,1210,198,441,0.449,100,272,0.368,98,169,0.580,0.562,32,41,0.780,29,148,177,131,34,18,35,107,528,huertke01
216,Jay Huff,C,25,DEN,7,0,18,3,6,0.500,1,4,0.250,2,2,1.000,0.583,0,0,,0,1,1,1,1,0,1,5,7,huffja01
217,De'Andre Hunter,SF,26,ATL,28,24,801,139,296,0.470,52,130,0.400,87,166,0.524,0.557,77,88,0.875,17,91,108,38,21,9,40,79,407,huntede01
218,Matthew Hurt,PF,23,MEM,3,0,56,6,18,0.333,2,10,0.200,4,8,0.500,0.389,3,3,1.000,4,2,6,3,0,1,0,2,17,hurtma01
219,Bones Hyland,PG,23,LAC,19,2,251,44,120,0.367,20,64,0.313,24,56,0.429,0.450,10,12,0.833,3,14,17,33,10,1,23,27,118,hylanbo01
220,Joe Ingles,SF,36,ORL,38,0,672,64,154,0.416,43,105,0.410,21,49,0.429,0.555,17,20,0.850,15,79,94,116,25,3,36,58,188,inglejo01
221,Brandon Ingram,SF,26,NOP,47,47,1559,382,771,0.495,68,186,0.366,314,585,0.537,0.540,188,234,0.803,33,205,238,268,37,25,114,103,1020,ingrabr01
222,Kyrie Irving,SG,31,DAL,30,30,1010,282,588,0.480,88,209,0.421,194,379,0.512,0.554,103,115,0.896,22,127,149,162,40,13,50,58,755,irvinky01
223,Jonathan Isaac,PF,26,ORL,34,1,494,75,156,0.481,17,59,0.288,58,97,0.598,0.535,42,56,0.750,36,101,137,14,24,39,17,38,209,isaacjo01
224,Jaden Ivey,SG,21,DET,47,31,1304,255,552,0.462,75,200,0.375,180,352,0.511,0.530,138,192,0.719,64,117,181,175,33,28,116,132,723,iveyja01
225,Andre Jackson Jr.,SG,22,MIL,41,8,467,43,80,0.538,14,36,0.389,29,44,0.659,0.625,8,11,0.727,36,51,87,40,12,4,20,77,108,jacksan01
226,GG Jackson II,PF,19,MEM,20,1,367,66,154,0.429,31,81,0.383,35,73,0.479,0.529,34,48,0.708,19,51,70,16,10,11,16,21,197,jacksgg01
227,Isaiah Jackson,C,22,IND,40,2,525,106,162,0.654,0,3,0.000,106,159,0.667,0.654,52,72,0.722,59,101,160,36,25,44,27,103,264,jacksis01
228,Jaren Jackson Jr.,C,24,MEM,48,48,1526,366,821,0.446,84,266,0.316,282,555,0.508,0.497,250,303,0.825,58,207,265,100,49,76,108,171,1066,jacksja02
229,Reggie Jackson,PG,33,DEN,52,14,1205,226,496,0.456,69,185,0.373,157,311,0.505,0.525,50,65,0.769,21,89,110,203,30,9,68,97,571,jacksre01
230,Trayce Jackson-Davis,PF,23,GSW,37,3,491,102,148,0.689,0,0,,102,148,0.689,0.689,38,65,0.585,57,93,150,33,12,30,25,58,242,jackstr02
231,LeBron James,PF,39,LAL,47,47,1642,441,849,0.519,99,255,0.388,342,594,0.576,0.578,189,258,0.733,42,304,346,358,61,28,153,55,1170,jamesle01
232,Jaime Jaquez Jr.,SF,22,MIA,46,15,1356,231,466,0.496,44,134,0.328,187,332,0.563,0.543,94,114,0.825,56,121,177,119,50,11,78,111,600,jaqueja01
233,DaQuan Jeffries,SG,26,NYK,10,0,30,5,12,0.417,1,5,0.200,4,7,0.571,0.458,0,2,0.000,0,5,5,2,0,0,1,2,11,jeffrda01
234,Trey Jemison,C,24,TOT,6,2,85,10,21,0.476,0,0,,10,21,0.476,0.476,3,3,1.000,9,8,17,2,3,5,5,14,23,jemistr01
234,Trey Jemison,C,24,WAS,2,0,1,0,0,,0,0,,0,0,,,0,0,,0,1,1,0,0,0,1,0,0,jemistr01
234,Trey Jemison,C,24,MEM,4,2,84,10,21,0.476,0,0,,10,21,0.476,0.476,3,3,1.000,9,7,16,2,3,5,4,14,23,jemistr01
235,Ty Jerome,SG,26,CLE,2,0,15,2,4,0.500,0,1,0.000,2,3,0.667,0.500,0,0,,1,0,1,3,0,0,1,2,4,jeromty01
236,Isaiah Joe,SG,24,OKC,47,0,883,139,301,0.462,95,224,0.424,44,77,0.571,0.620,32,38,0.842,19,93,112,52,29,13,28,55,405,joeis01
237,Cameron Johnson,PF,27,BRK,40,40,1138,206,450,0.458,99,247,0.401,107,203,0.527,0.568,46,62,0.742,44,145,189,105,32,10,39,76,557,johnsca02
238,Jalen Johnson,SF,22,ATL,37,34,1242,230,440,0.523,46,125,0.368,184,315,0.584,0.575,73,97,0.753,46,269,315,125,49,29,67,97,579,johnsja05
239,James Johnson,PF,36,IND,5,0,24,2,5,0.400,0,1,0.000,2,4,0.500,0.400,0,0,,1,3,4,5,4,0,2,4,4,johnsja01
240,Keldon Johnson,SF,24,SAS,48,26,1448,287,635,0.452,83,248,0.335,204,387,0.527,0.517,129,166,0.777,70,211,281,148,41,15,76,113,786,johnske04
241,Keon Johnson,SG,21,BRK,2,0,35,4,11,0.364,3,5,0.600,1,6,0.167,0.500,4,4,1.000,2,1,3,1,3,1,2,3,15,johnske07
242,Keyontae Johnson,SF,23,OKC,7,0,57,4,12,0.333,1,2,0.500,3,10,0.300,0.375,0,0,,3,3,6,4,0,0,4,4,9,johnske08
243,Nikola Jokić,C,28,DEN,50,50,1693,513,878,0.584,53,147,0.361,460,731,0.629,0.614,236,288,0.819,152,460,612,451,58,48,150,127,1315,jokicni01
244,Colby Jones,SG,21,SAC,16,0,114,16,43,0.372,1,13,0.077,15,30,0.500,0.384,2,5,0.400,10,12,22,9,4,1,5,15,35,jonesco02
245,Damian Jones,C,28,CLE,24,0,147,17,32,0.531,2,7,0.286,15,25,0.600,0.563,10,11,0.909,9,24,33,11,3,10,9,16,46,jonesda03
246,Derrick Jones Jr.,SF,26,DAL,47,46,1210,171,352,0.486,60,176,0.341,111,176,0.631,0.571,66,88,0.750,55,119,174,50,38,36,42,86,468,jonesde02
247,Herbert Jones,SF,25,NOP,46,46,1306,179,364,0.492,64,161,0.398,115,203,0.567,0.580,78,92,0.848,53,113,166,113,50,41,54,128,500,joneshe01
248,Tre Jones,PG,24,SAS,47,18,1224,182,365,0.499,31,108,0.287,151,257,0.588,0.541,69,79,0.873,33,114,147,274,47,6,67,59,464,jonestr01
249,Tyus Jones,PG,27,WAS,50,50,1424,256,519,0.493,74,185,0.400,182,334,0.545,0.565,25,33,0.758,15,126,141,319,58,15,45,38,611,jonesty01
250,DeAndre Jordan,C,35,DEN,27,1,317,47,73,0.644,0,0,,47,73,0.644,0.644,21,47,0.447,46,80,126,20,5,13,19,47,115,jordade01
251,Cory Joseph,PG,32,GSW,26,0,296,23,64,0.359,13,42,0.310,10,22,0.455,0.461,4,7,0.571,6,24,30,42,4,3,12,25,63,josepco01
252,Nikola Jović,PF,20,MIA,20,12,320,37,92,0.402,19,45,0.422,18,47,0.383,0.505,11,20,0.550,17,65,82,36,6,7,19,37,104,jovicni01
253,Johnny Juzang,SG,22,UTA,2,0,6,0,3,0.000,0,3,0.000,0,0,,0.000,0,0,,0,0,0,1,0,0,0,0,0,juzanjo01
254,Luke Kennard,SG,27,MEM,24,10,585,84,192,0.438,65,145,0.448,19,47,0.404,0.607,18,21,0.857,9,65,74,74,11,1,24,26,251,kennalu01
255,Walker Kessler,C,22,UTA,45,14,1044,168,254,0.661,4,16,0.250,164,238,0.689,0.669,39,72,0.542,115,222,337,38,21,124,44,96,379,kesslwa01
256,Braxton Key,SF,26,DEN,14,0,45,5,14,0.357,1,4,0.250,4,10,0.400,0.393,4,5,0.800,2,8,10,8,2,0,1,4,15,keybr01
257,Corey Kispert,SF,24,WAS,49,1,1086,209,430,0.486,97,269,0.361,112,161,0.696,0.599,67,87,0.770,16,99,115,75,16,8,52,77,582,kispeco01
258,Maxi Kleber,C,32,DAL,17,6,362,33,71,0.465,14,41,0.341,19,30,0.633,0.563,11,18,0.611,12,40,52,32,6,13,17,38,91,klebima01
259,Kevin Knox,SF,24,DET,31,11,560,86,186,0.462,31,94,0.330,55,92,0.598,0.546,20,22,0.909,18,57,75,23,13,7,22,50,223,knoxke01
260,John Konchar,SF,27,MEM,41,12,785,59,144,0.410,24,83,0.289,35,61,0.574,0.493,11,14,0.786,47,126,173,72,29,37,25,50,153,konchjo01
261,Furkan Korkmaz,SG,26,PHI,35,0,300,30,76,0.395,14,40,0.350,16,36,0.444,0.487,14,20,0.700,4,26,30,25,14,3,10,17,88,korkmfu01
262,Luke Kornet,C,28,BOS,35,2,535,76,112,0.679,0,0,,76,112,0.679,0.679,28,31,0.903,67,75,142,30,14,36,16,47,180,kornelu01
263,Jonathan Kuminga,PF,21,GSW,48,22,1210,282,526,0.536,38,120,0.317,244,406,0.601,0.572,142,196,0.724,59,164,223,87,34,20,77,105,744,kuminjo01
264,Kyle Kuzma,PF,28,WAS,49,49,1543,421,926,0.455,111,335,0.331,310,591,0.525,0.515,122,152,0.803,48,267,315,206,22,32,129,101,1075,kuzmaky01
265,Jock Landale,C,28,HOU,28,0,256,26,66,0.394,2,17,0.118,24,49,0.490,0.409,11,15,0.733,34,22,56,16,7,11,10,26,65,landajo01
266,Jake LaRavia,PF,22,MEM,11,0,122,16,43,0.372,5,24,0.208,11,19,0.579,0.430,3,4,0.750,7,9,16,6,1,1,4,19,40,laravja01
267,Zach LaVine,SG,28,CHI,25,23,872,170,376,0.452,59,169,0.349,111,207,0.536,0.531,88,103,0.854,8,121,129,98,21,8,52,57,487,lavinza01
268,A.J. Lawson,SG,23,DAL,24,0,219,37,79,0.468,12,38,0.316,25,41,0.610,0.544,12,19,0.632,10,18,28,13,9,3,10,17,98,lawsoaj01
269,Saben Lee,PG,24,PHO,12,0,76,9,22,0.409,0,5,0.000,9,17,0.529,0.409,13,17,0.765,5,7,12,12,3,3,5,6,31,leesa01
270,Alex Len,C,30,SAC,18,0,152,18,29,0.621,0,2,0.000,18,27,0.667,0.621,4,10,0.400,23,33,56,20,3,8,11,19,40,lenal01
271,Kawhi Leonard,SF,32,LAC,46,46,1582,417,785,0.531,108,237,0.456,309,548,0.564,0.600,172,194,0.887,54,234,288,172,77,42,72,69,1114,leonaka01
272,Caris LeVert,SG,29,CLE,40,1,1108,214,506,0.423,71,209,0.340,143,297,0.481,0.493,92,123,0.748,19,122,141,170,41,15,60,66,591,leverca01
273,Kira Lewis Jr.,PG,22,TOT,16,0,146,16,52,0.308,2,20,0.100,14,32,0.438,0.327,10,11,0.909,4,10,14,18,5,1,8,9,44,lewiski01
273,Kira Lewis Jr.,PG,22,NOP,15,0,144,16,52,0.308,2,20,0.100,14,32,0.438,0.327,10,11,0.909,4,10,14,18,5,1,8,8,44,lewiski01
273,Kira Lewis Jr.,PG,22,TOR,1,0,2,0,0,,0,0,,0,0,,,0,0,,0,0,0,0,0,0,0,1,0,lewiski01
274,Maxwell Lewis,SF,21,LAL,18,0,67,3,12,0.250,1,3,0.333,2,9,0.222,0.292,0,0,,1,2,3,3,2,0,5,3,7,lewisma05
275,E.J. Liddell,PF,23,NOP,8,0,23,1,6,0.167,0,5,0.000,1,1,1.000,0.167,2,2,1.000,0,5,5,1,2,2,2,2,4,liddeej01
276,Damian Lillard,PG,33,MIL,47,47,1663,348,819,0.425,139,401,0.347,209,418,0.500,0.510,337,366,0.921,26,171,197,318,49,10,120,79,1172,lillada01
277,Nassir Little,SF,23,PHO,30,2,399,47,99,0.475,17,56,0.304,30,43,0.698,0.561,17,20,0.850,14,51,65,19,10,9,12,35,128,littlna01
278,Dereck Lively II,C,19,DAL,36,35,935,150,203,0.739,0,2,0.000,150,201,0.746,0.739,31,57,0.544,104,180,284,47,23,50,42,111,331,livelde01
279,Isaiah Livers,PF,25,DET,23,6,469,40,116,0.345,22,77,0.286,18,39,0.462,0.440,12,18,0.667,15,33,48,25,13,5,16,43,114,liveris01
280,Chris Livingston,SF,20,MIL,14,0,60,7,14,0.500,1,1,1.000,6,13,0.462,0.536,2,2,1.000,2,11,13,4,2,0,3,7,17,livinch01
281,Kenneth Lofton Jr.,PF,21,TOT,17,0,108,15,43,0.349,3,12,0.250,12,31,0.387,0.384,8,15,0.533,2,16,18,14,3,3,8,15,41,loftoke01
281,Kenneth Lofton Jr.,PF,21,MEM,15,0,99,14,37,0.378,3,10,0.300,11,27,0.407,0.419,8,15,0.533,2,13,15,14,3,3,6,15,39,loftoke01
281,Kenneth Lofton Jr.,PF,21,PHI,2,0,9,1,6,0.167,0,2,0.000,1,4,0.250,0.167,0,0,,0,3,3,0,0,0,2,0,2,loftoke01
282,Kevon Looney,C,27,GSW,49,36,919,107,174,0.615,0,1,0.000,107,173,0.618,0.615,40,58,0.690,115,209,324,108,23,18,38,117,254,looneke01
283,Brook Lopez,C,35,MIL,49,49,1556,245,497,0.493,87,248,0.351,158,249,0.635,0.580,72,87,0.828,77,192,269,80,31,134,45,128,649,lopezbr01
284,Robin Lopez,C,35,MIL,16,2,65,7,19,0.368,2,8,0.250,5,11,0.455,0.421,2,2,1.000,3,2,5,4,1,3,2,7,18,lopezro01
285,Kevin Love,PF,35,MIA,41,5,726,116,268,0.433,63,187,0.337,53,81,0.654,0.550,74,94,0.787,44,210,254,95,14,7,33,74,369,loveke01
286,Kyle Lowry,PG,37,MIA,37,35,1037,103,242,0.426,62,161,0.385,41,81,0.506,0.554,35,42,0.833,25,104,129,147,39,15,53,94,303,lowryky01
287,Seth Lundy,SF,23,ATL,9,0,52,4,17,0.235,3,13,0.231,1,4,0.250,0.324,3,4,0.750,1,6,7,0,0,0,1,6,14,lundyse01
288,Trey Lyles,PF,28,SAC,36,0,725,93,203,0.458,61,149,0.409,32,54,0.593,0.608,29,43,0.674,34,126,160,47,10,10,22,53,276,lylestr01
289,Théo Maledon,PG,22,TOT,14,1,201,19,67,0.284,5,30,0.167,14,37,0.378,0.321,11,12,0.917,4,19,23,28,7,0,15,18,54,maledth01
289,Théo Maledon,PG,22,CHO,13,1,200,19,66,0.288,5,30,0.167,14,36,0.389,0.326,11,12,0.917,4,19,23,28,7,0,15,18,54,maledth01
289,Théo Maledon,PG,22,PHO,1,0,1,0,1,0.000,0,0,,0,1,0.000,0.000,0,0,,0,0,0,0,0,0,0,0,0,maledth01
290,Sandro Mamukelashvili,C,24,SAS,27,0,181,25,61,0.410,8,33,0.242,17,28,0.607,0.475,12,16,0.750,16,34,50,27,4,8,8,19,70,mamuksa01
291,Terance Mann,SG,27,LAC,44,40,1095,130,277,0.469,39,125,0.312,91,152,0.599,0.540,37,48,0.771,53,85,138,77,25,11,27,82,336,mannte01
292,Tre Mann,PG,22,OKC,13,0,119,20,40,0.500,8,19,0.421,12,21,0.571,0.600,1,1,1.000,4,20,24,20,3,0,9,3,49,manntr01
293,Boban Marjanović,C,35,HOU,9,0,48,10,21,0.476,0,2,0.000,10,19,0.526,0.476,3,6,0.500,6,16,22,4,0,1,2,4,23,marjabo01
294,Lauri Markkanen,PF,26,UTA,43,43,1406,345,688,0.501,140,345,0.406,205,343,0.598,0.603,190,215,0.884,100,267,367,83,38,21,56,84,1020,markkla01
295,Naji Marshall,SF,26,NOP,41,1,760,104,235,0.443,33,91,0.363,71,144,0.493,0.513,61,77,0.792,40,102,142,83,28,7,44,62,302,marshna01
296,Caleb Martin,SF,28,MIA,35,14,923,137,302,0.454,39,107,0.364,98,195,0.503,0.518,43,57,0.754,42,119,161,75,27,10,40,73,356,martica02
297,Cody Martin,SF,28,CHO,18,12,468,54,139,0.388,20,56,0.357,34,83,0.410,0.460,14,26,0.538,13,46,59,62,21,11,24,33,142,martico01
298,KJ Martin,SF,23,TOT,36,0,349,46,89,0.517,4,17,0.235,42,72,0.583,0.539,13,26,0.500,9,34,43,24,14,3,16,46,109,martike04
298,KJ Martin,SF,23,LAC,2,0,31,4,10,0.400,1,5,0.200,3,5,0.600,0.450,1,2,0.500,1,2,3,1,2,1,2,3,10,martike04
298,KJ Martin,SF,23,PHI,34,0,318,42,79,0.532,3,12,0.250,39,67,0.582,0.551,12,24,0.500,8,32,40,23,12,2,14,43,99,martike04
299,Garrison Mathews,SG,27,ATL,35,4,447,42,92,0.457,38,85,0.447,4,7,0.571,0.663,7,12,0.583,9,34,43,16,9,4,15,58,129,mathega01
300,Bennedict Mathurin,SF,21,IND,50,15,1287,254,559,0.454,64,173,0.370,190,386,0.492,0.512,156,187,0.834,50,141,191,97,28,10,81,95,728,mathube01
301,Wesley Matthews,SG,37,ATL,21,1,232,13,46,0.283,9,36,0.250,4,10,0.400,0.380,14,19,0.737,4,24,28,13,10,4,6,28,49,matthwe02
302,Tyrese Maxey,PG,23,PHI,46,46,1707,406,906,0.448,142,375,0.379,264,531,0.497,0.526,225,262,0.859,25,135,160,292,47,25,73,100,1179,maxeyty01
303,Skylar Mays,PG-SG,26,TOT,27,5,393,59,149,0.396,16,51,0.314,43,98,0.439,0.450,13,17,0.765,10,30,40,83,17,3,19,24,147,mayssk01
303,Skylar Mays,PG,26,POR,21,5,356,53,138,0.384,14,49,0.286,39,89,0.438,0.435,13,17,0.765,9,28,37,75,14,3,18,20,133,mayssk01
303,Skylar Mays,SG,26,LAL,6,0,37,6,11,0.545,2,2,1.000,4,9,0.444,0.636,0,0,,1,2,3,8,3,0,1,4,14,mayssk01
304,Miles McBride,PG,23,NYK,39,3,475,84,191,0.440,46,110,0.418,38,81,0.469,0.560,16,20,0.800,9,27,36,41,21,3,15,46,230,mcbrimi01
305,CJ McCollum,PG,32,NOP,37,37,1186,258,547,0.472,129,295,0.437,129,252,0.512,0.590,71,90,0.789,22,139,161,172,43,30,63,80,716,mccolcj01
306,T.J. McConnell,PG,31,IND,42,4,731,150,283,0.530,3,19,0.158,147,264,0.557,0.535,36,47,0.766,22,87,109,234,44,4,63,45,339,mccontj01
307,Jaden McDaniels,SF,23,MIN,42,41,1213,186,364,0.511,53,143,0.371,133,221,0.602,0.584,27,35,0.771,32,81,113,57,37,21,53,132,452,mcdanja02
308,Jalen McDaniels,SF,26,TOR,31,0,286,35,104,0.337,11,52,0.212,24,52,0.462,0.389,14,20,0.700,9,31,40,16,11,3,17,30,95,mcdanja01
309,Doug McDermott,SF,32,SAS,46,0,700,95,215,0.442,76,173,0.439,19,42,0.452,0.619,10,17,0.588,8,40,48,57,11,2,24,48,276,mcderdo01
310,JaVale McGee,C,36,SAC,38,0,307,73,116,0.629,0,4,0.000,73,112,0.652,0.629,25,43,0.581,37,74,111,14,9,19,31,43,171,mcgeeja01
311,Bryce McGowens,SG,21,CHO,41,13,672,78,171,0.456,28,79,0.354,50,92,0.543,0.538,40,53,0.755,15,60,75,40,15,4,24,60,224,mcgowbr01
312,Jordan McLaughlin,PG,27,MIN,30,0,279,30,74,0.405,17,42,0.405,13,32,0.406,0.520,4,8,0.500,10,23,33,53,22,5,11,14,81,mclaujo01
313,De'Anthony Melton,SG,25,PHI,33,33,959,129,328,0.393,70,193,0.363,59,135,0.437,0.500,62,75,0.827,27,105,132,105,54,15,38,79,390,meltode01
314,Nathan Mensah,C,25,CHO,24,0,289,10,25,0.400,0,0,,10,25,0.400,0.400,9,12,0.750,28,33,61,9,6,14,14,60,29,mensana01
315,Sam Merrill,SG,27,CLE,35,0,558,98,224,0.438,85,193,0.440,13,31,0.419,0.627,10,11,0.909,14,51,65,55,13,1,11,43,291,merrisa01
316,Chimezie Metu,C,26,PHO,37,5,447,66,130,0.508,15,51,0.294,51,79,0.646,0.565,38,43,0.884,24,86,110,19,19,9,27,39,185,metuch01
317,Vasilije Micić,PG,30,OKC,30,0,361,37,91,0.407,11,45,0.244,26,46,0.565,0.467,14,19,0.737,1,23,24,76,9,3,29,22,99,micicva01
318,Khris Middleton,SF,32,MIL,43,43,1129,242,497,0.487,73,193,0.378,169,304,0.556,0.560,79,95,0.832,26,158,184,216,38,13,89,104,636,middlkh01
319,Brandon Miller,SF,21,CHO,44,38,1383,272,615,0.442,102,266,0.383,170,349,0.487,0.525,80,97,0.825,37,136,173,101,36,23,71,114,726,millebr02
320,Jordan Miller,SF,24,LAC,4,0,16,3,5,0.600,1,1,1.000,2,4,0.500,0.700,0,0,,2,1,3,0,0,0,1,2,7,millejo02
321,Leonard Miller,SF,20,MIN,6,0,21,7,10,0.700,1,3,0.333,6,7,0.857,0.750,0,0,,1,9,10,1,1,1,1,3,15,millele01
322,Dariq Whitehead,SF,19,BRK,2,0,24,1,5,0.200,0,3,0.000,1,2,0.500,0.200,1,2,0.500,0,4,4,3,0,1,0,0,3,whiteda01
323,Patty Mills,PG,35,ATL,19,0,202,19,51,0.373,13,34,0.382,6,17,0.353,0.500,0,0,,5,15,20,14,9,1,8,17,51,millspa02
324,Shake Milton,SG,27,MIN,38,0,491,64,160,0.400,14,53,0.264,50,107,0.467,0.444,36,44,0.818,7,44,51,50,16,5,28,44,178,miltosh01
325,Justin Minaya,SF,24,POR,15,0,138,6,22,0.273,3,14,0.214,3,8,0.375,0.341,3,6,0.500,7,9,16,6,5,5,4,10,18,minayju01
326,Josh Minott,SF,21,MIN,16,0,50,10,21,0.476,1,6,0.167,9,15,0.600,0.500,10,12,0.833,2,2,4,3,2,3,1,6,31,minotjo01
327,Davion Mitchell,PG,25,SAC,40,3,514,56,145,0.386,19,73,0.260,37,72,0.514,0.452,18,23,0.783,6,34,40,71,9,2,22,47,149,mitchda01
328,Donovan Mitchell,SG,27,CLE,41,41,1452,412,866,0.476,136,379,0.359,276,487,0.567,0.554,208,241,0.863,40,184,224,257,77,22,116,88,1168,mitchdo01
329,Evan Mobley,PF,22,CLE,27,27,851,180,307,0.586,7,17,0.412,173,290,0.597,0.598,62,79,0.785,63,213,276,78,22,39,55,78,429,mobleev01
330,Isaiah Mobley,PF,24,CLE,3,0,14,2,4,0.500,1,2,0.500,1,2,0.500,0.625,0,0,,0,2,2,4,1,0,1,2,5,mobleis01
331,Malik Monk,SG,25,SAC,49,0,1259,250,564,0.443,110,292,0.377,140,272,0.515,0.541,115,143,0.804,18,116,134,264,28,31,102,100,725,monkma01
332,Moses Moody,SG,21,GSW,37,4,659,114,238,0.479,41,115,0.357,73,123,0.593,0.565,45,57,0.789,40,71,111,32,25,14,27,48,314,moodymo01
333,Xavier Moon,SG,29,LAC,2,0,12,1,2,0.500,0,1,0.000,1,1,1.000,0.500,0,0,,0,2,2,3,0,0,1,1,2,moonxa01
334,Taze Moore,SG,25,POR,3,0,10,3,5,0.600,0,2,0.000,3,3,1.000,0.600,0,0,,0,0,0,1,1,0,1,2,6,mooreta02
335,Wendell Moore Jr.,SG,22,MIN,14,0,44,5,10,0.500,0,4,0.000,5,6,0.833,0.500,0,0,,0,6,6,2,5,1,3,4,10,moorewe01
336,Ja Morant,PG,24,MEM,9,9,318,80,170,0.471,14,51,0.275,66,119,0.555,0.512,52,64,0.813,6,44,50,73,7,5,27,19,226,moranja01
337,Marcus Morris,PF,34,PHI,37,7,637,90,205,0.439,36,90,0.400,54,115,0.470,0.527,31,36,0.861,18,91,109,26,13,11,19,61,247,morrima03
338,Markieff Morris,PF,34,DAL,17,1,156,16,49,0.327,10,30,0.333,6,19,0.316,0.429,3,4,0.750,4,26,30,11,5,1,9,11,45,morrima02
339,Monte Morris,PG,28,DET,6,0,68,12,33,0.364,2,11,0.182,10,22,0.455,0.394,1,2,0.500,2,10,12,8,1,1,2,1,27,morrimo01
340,Trey Murphy III,SF,23,NOP,26,5,669,113,264,0.428,65,184,0.353,48,80,0.600,0.551,39,50,0.780,13,85,98,44,17,9,15,32,330,murphtr02
341,Dejounte Murray,SG,27,ATL,49,49,1715,404,867,0.466,112,303,0.370,292,564,0.518,0.531,131,157,0.834,33,215,248,257,62,13,109,87,1051,murrade01
342,Jamal Murray,PG,26,DEN,38,38,1214,303,643,0.471,94,228,0.412,209,415,0.504,0.544,105,123,0.854,27,127,154,255,31,27,73,75,805,murraja01
343,Keegan Murray,SF,23,SAC,46,46,1496,265,574,0.462,107,295,0.363,158,279,0.566,0.555,61,77,0.792,58,185,243,78,52,28,38,122,698,murrake02
344,Kris Murray,SF,23,POR,31,1,408,45,111,0.405,17,55,0.309,28,56,0.500,0.482,8,12,0.667,21,37,58,21,24,7,17,26,115,murrakr01
345,Mike Muscala,C,32,TOT,34,5,480,47,124,0.379,27,78,0.346,20,46,0.435,0.488,16,22,0.727,30,70,100,30,6,12,18,42,137,muscami01
345,Mike Muscala,C,32,WAS,24,2,338,33,90,0.367,14,51,0.275,19,39,0.487,0.444,15,20,0.750,22,53,75,22,5,7,16,31,95,muscami01
345,Mike Muscala,C,32,DET,10,3,142,14,34,0.412,13,27,0.481,1,7,0.143,0.603,1,2,0.500,8,17,25,8,1,5,2,11,42,muscami01
346,Svi Mykhailiuk,SF,26,BOS,22,0,168,21,63,0.333,16,52,0.308,5,11,0.455,0.460,3,6,0.500,5,15,20,10,7,0,6,11,61,mykhasv01
347,Larry Nance Jr.,C,31,NOP,33,0,599,71,125,0.568,18,39,0.462,53,86,0.616,0.640,24,30,0.800,43,125,168,45,34,13,23,45,184,nancela02
348,Pete Nance,PF,23,CLE,2,0,4,0,2,0.000,0,0,,0,2,0.000,0.000,0,0,,0,0,0,0,0,0,0,0,0,nancepe01
349,Andrew Nembhard,PG,24,IND,39,18,859,146,302,0.483,29,88,0.330,117,214,0.547,0.531,28,35,0.800,22,47,69,176,32,3,70,75,349,nembhan01
350,Aaron Nesmith,SF,24,IND,48,23,1299,219,418,0.524,102,221,0.462,117,197,0.594,0.646,62,87,0.713,47,143,190,70,54,32,47,161,602,nesmiaa01
351,Georges Niang,PF,30,CLE,50,1,1092,166,386,0.430,85,241,0.353,81,145,0.559,0.540,33,38,0.868,17,168,185,64,12,10,37,116,450,niangge01
352,Daishen Nix,PG,21,MIN,7,0,24,4,11,0.364,3,8,0.375,1,3,0.333,0.500,0,2,0.000,0,1,1,1,1,0,0,0,11,nixda01
353,Zeke Nnaji,PF,23,DEN,37,0,347,42,92,0.457,5,16,0.313,37,76,0.487,0.484,25,39,0.641,41,38,79,20,9,20,24,56,114,nnajize01
354,Jaylen Nowell,SG,24,MEM,9,1,156,22,55,0.400,4,23,0.174,18,32,0.563,0.436,3,3,1.000,3,11,14,16,3,0,5,13,51,nowelja01
355,Markquis Nowell,SG,24,TOR,1,0,4,0,1,0.000,0,0,,0,1,0.000,0.000,2,2,1.000,2,0,2,2,1,0,0,0,2,nowelma01
356,Frank Ntilikina,PG,25,CHO,5,0,43,1,9,0.111,1,8,0.125,0,1,0.000,0.167,2,2,1.000,1,5,6,4,0,0,1,4,5,ntilila01
357,Jusuf Nurkić,C,29,PHO,49,49,1342,229,442,0.518,21,83,0.253,208,359,0.579,0.542,111,161,0.689,129,373,502,180,50,47,101,165,590,nurkiju01
358,Jordan Nwora,SF,25,TOT,24,0,285,56,121,0.463,20,55,0.364,36,66,0.545,0.545,21,24,0.875,13,36,49,30,10,3,18,29,153,nworajo01
358,Jordan Nwora,SF,25,IND,18,0,183,37,82,0.451,11,36,0.306,26,46,0.565,0.518,9,11,0.818,8,25,33,18,6,1,12,19,94,nworajo01
358,Jordan Nwora,SF,25,TOR,6,0,102,19,39,0.487,9,19,0.474,10,20,0.500,0.603,12,13,0.923,5,11,16,12,4,2,6,10,59,nworajo01
359,Royce O'Neale,SF,30,BRK,49,6,1202,126,325,0.388,97,265,0.366,29,60,0.483,0.537,15,22,0.682,38,183,221,137,32,29,51,120,364,onealro01
360,Chuma Okeke,SF,25,ORL,31,8,374,37,98,0.378,22,71,0.310,15,27,0.556,0.490,2,5,0.400,18,53,71,17,7,7,12,19,98,okekech01
361,Josh Okogie,SG,25,PHO,46,11,815,72,173,0.416,21,78,0.269,51,95,0.537,0.477,64,89,0.719,59,71,130,53,41,20,25,61,229,okogijo01
362,Onyeka Okongwu,C,23,ATL,50,5,1268,196,321,0.611,21,61,0.344,175,260,0.673,0.643,86,104,0.827,133,209,342,67,22,53,43,147,499,okongon01
363,Isaac Okoro,SF,23,CLE,41,24,1077,130,261,0.498,39,100,0.390,91,161,0.565,0.573,60,90,0.667,49,80,129,75,36,19,34,85,359,okorois01
364,Kelly Olynyk,C,32,UTA,50,8,1019,145,258,0.562,36,84,0.429,109,174,0.626,0.632,80,95,0.842,63,191,254,219,37,12,81,132,406,olynyke01
365,Eugene Omoruyi,SF,26,WAS,21,0,146,39,73,0.534,6,20,0.300,33,53,0.623,0.575,20,27,0.741,19,22,41,17,15,1,11,26,104,omorueu01
366,Cedi Osman,SF,28,SAS,52,1,944,141,296,0.476,63,168,0.375,78,128,0.609,0.583,32,48,0.667,19,112,131,89,27,9,33,80,377,osmande01
367,Kelly Oubre Jr.,SF,28,PHI,38,27,1065,192,420,0.457,56,171,0.327,136,249,0.546,0.524,73,99,0.737,42,120,162,38,43,21,32,106,513,oubreke01
368,Chris Paul,PG,38,GSW,32,11,882,104,245,0.424,43,119,0.361,61,126,0.484,0.512,35,42,0.833,10,111,121,230,36,3,38,59,286,paulch01
369,Cameron Payne,PG,29,MIL,47,2,702,101,222,0.455,52,131,0.397,49,91,0.538,0.572,37,44,0.841,5,57,62,109,22,3,31,73,291,payneca01
370,Gary Payton II,SG,31,GSW,16,0,261,36,79,0.456,9,32,0.281,27,47,0.574,0.513,6,9,0.667,16,32,48,13,17,5,10,29,87,paytoga02
371,Drew Peterson,PF,24,BOS,1,0,3,1,1,1.000,1,1,1.000,0,0,,1.500,0,0,,0,0,0,1,0,0,0,1,3,peterdr01
372,Filip Petrušev,C,23,TOT,3,0,10,1,2,0.500,0,0,,1,2,0.500,0.500,1,2,0.500,0,1,1,0,0,0,0,1,3,petrufi01
372,Filip Petrušev,C,23,PHI,1,0,3,0,0,,0,0,,0,0,,,0,0,,0,1,1,0,0,0,0,0,0,petrufi01
372,Filip Petrušev,C,23,SAC,2,0,7,1,2,0.500,0,0,,1,2,0.500,0.500,1,2,0.500,0,0,0,0,0,0,0,1,3,petrufi01
373,Julian Phillips,SF,20,CHI,28,0,184,18,44,0.409,5,23,0.217,13,21,0.619,0.466,6,11,0.545,6,12,18,8,1,6,7,28,47,phillju01
374,Jalen Pickett,SG,24,DEN,16,0,97,12,28,0.429,7,20,0.350,5,8,0.625,0.554,2,2,1.000,1,10,11,12,3,0,6,8,33,pickeja02
375,Scotty Pippen Jr.,PG,23,MEM,7,3,156,26,52,0.500,11,18,0.611,15,34,0.441,0.606,15,21,0.714,6,18,24,30,8,3,15,18,78,pippesc02
376,Mason Plumlee,C,33,LAC,20,9,368,50,75,0.667,0,0,,50,75,0.667,0.667,34,53,0.642,32,88,120,24,7,7,12,31,134,plumlma01
377,Brandin Podziemski,SG,20,GSW,43,13,1116,163,354,0.460,48,137,0.350,115,217,0.530,0.528,34,53,0.642,66,181,247,157,38,8,51,85,408,podzibr01
378,Jakob Poeltl,C,28,TOR,40,40,1069,193,277,0.697,0,0,,193,277,0.697,0.697,47,87,0.540,107,230,337,96,25,57,66,121,433,poeltja01
379,Aleksej Pokusevski,PF,22,OKC,9,0,55,4,15,0.267,2,10,0.200,2,5,0.400,0.333,2,4,0.500,2,8,10,5,1,1,3,5,12,pokusal01
380,Jordan Poole,SG,24,WAS,48,48,1392,273,676,0.404,90,303,0.297,183,373,0.491,0.470,125,144,0.868,17,93,110,174,49,17,102,149,761,poolejo01
381,Craig Porter Jr.,PG,23,CLE,32,5,469,84,165,0.509,7,21,0.333,77,144,0.535,0.530,32,46,0.696,15,64,79,91,17,12,33,30,207,portecr01
382,Jontay Porter,PF,24,TOR,14,5,200,22,61,0.361,11,33,0.333,11,28,0.393,0.451,11,12,0.917,15,34,49,29,11,11,9,25,66,portejo01
383,Michael Porter Jr.,SF,25,DEN,52,52,1640,320,676,0.473,141,356,0.396,179,320,0.559,0.578,50,64,0.781,67,296,363,72,23,39,56,100,831,portemi01
384,Otto Porter Jr.,SF,30,TOR,15,1,174,14,33,0.424,8,23,0.348,6,10,0.600,0.545,3,3,1.000,6,23,29,8,5,5,2,19,39,porteot01
385,Bobby Portis,PF,28,MIL,52,1,1246,260,527,0.493,58,156,0.372,202,371,0.544,0.548,69,88,0.784,85,276,361,54,40,21,48,128,647,portibo01
386,Kristaps Porziņģis,C,28,BOS,37,37,1100,249,471,0.529,67,189,0.354,182,282,0.645,0.600,170,203,0.837,60,192,252,73,24,70,62,105,735,porzikr01
387,Micah Potter,PF,25,UTA,2,0,7,0,1,0.000,0,1,0.000,0,0,,0.000,0,0,,0,4,4,0,0,0,0,0,0,pottemi01
388,Dwight Powell,C,32,DAL,45,8,712,65,92,0.707,1,2,0.500,64,90,0.711,0.712,59,81,0.728,81,98,179,73,22,17,27,98,190,poweldw01
389,Norman Powell,SG,30,LAC,50,0,1266,240,484,0.496,105,236,0.445,135,248,0.544,0.604,96,113,0.850,8,120,128,51,26,17,43,91,681,powelno01
390,Jason Preston,PG,24,UTA,1,0,1,0,0,,0,0,,0,0,,,0,0,,1,0,1,0,0,0,1,0,0,prestja01
391,Joshua Primo,SG,21,LAC,1,0,5,1,2,0.500,0,1,0.000,1,1,1.000,0.500,0,0,,0,0,0,0,0,1,3,0,2,primojo01
392,Taurean Prince,PF,29,LAL,50,47,1518,176,402,0.438,102,262,0.389,74,140,0.529,0.565,33,45,0.733,12,136,148,87,45,24,47,110,487,princta02
393,Payton Pritchard,PG,26,BOS,51,0,1058,142,336,0.423,84,227,0.370,58,109,0.532,0.548,29,36,0.806,46,112,158,147,23,6,31,65,397,pritcpa01
394,Olivier-Maxence Prosper,PF,21,DAL,27,0,243,23,67,0.343,8,32,0.250,15,35,0.429,0.403,23,34,0.676,17,40,57,19,3,2,4,17,77,prospol01
395,Trevelin Queen,SG,26,ORL,12,0,155,14,36,0.389,3,16,0.188,11,20,0.550,0.431,9,12,0.750,3,15,18,18,7,5,7,14,40,queentr01
396,Neemias Queta,C,24,BOS,22,0,269,45,74,0.608,0,0,,45,74,0.608,0.608,15,20,0.750,42,56,98,11,9,14,8,42,105,quetane01
397,Immanuel Quickley,SG-PG,24,TOT,46,16,1229,242,557,0.434,108,263,0.411,134,294,0.456,0.531,126,148,0.851,11,129,140,174,26,5,51,73,718,quickim01
397,Immanuel Quickley,SG,24,NYK,30,0,720,152,335,0.454,64,162,0.395,88,173,0.509,0.549,82,94,0.872,5,72,77,74,16,3,31,44,450,quickim01
397,Immanuel Quickley,PG,24,TOR,16,16,509,90,222,0.405,44,101,0.436,46,121,0.380,0.505,44,54,0.815,6,57,63,100,10,2,20,29,268,quickim01
398,Lester Quinones,SG,23,GSW,15,0,185,26,63,0.413,16,39,0.410,10,24,0.417,0.540,8,12,0.667,12,25,37,17,3,2,11,23,76,quinole01
399,Julius Randle,PF,29,NYK,46,46,1630,395,836,0.472,76,244,0.311,319,592,0.539,0.518,236,302,0.781,99,324,423,229,25,12,159,125,1102,randlju01
400,Duop Reath,C,27,POR,38,11,667,127,262,0.485,53,135,0.393,74,127,0.583,0.586,38,50,0.760,52,94,146,45,19,18,29,95,345,reathdu01
401,Austin Reaves,SG,25,LAL,53,28,1645,284,588,0.483,89,252,0.353,195,336,0.580,0.559,165,192,0.859,38,170,208,287,48,9,112,98,822,reaveau01
402,Cam Reddish,SF,24,LAL,35,26,815,83,205,0.405,32,95,0.337,51,110,0.464,0.483,36,46,0.783,19,65,84,47,43,11,30,55,234,reddica01
403,Paul Reed,C,24,PHI,50,14,833,132,247,0.534,10,29,0.345,122,218,0.560,0.555,27,38,0.711,101,151,252,61,36,38,36,111,301,reedpa01
404,Naz Reid,C,24,MIN,52,0,1163,242,496,0.488,101,244,0.414,141,252,0.560,0.590,57,75,0.760,46,193,239,55,37,39,64,101,642,reidna01
405,Jared Rhoden,SG,24,DET,6,0,42,6,11,0.545,1,4,0.250,5,7,0.714,0.591,2,2,1.000,1,4,5,4,0,2,3,4,15,rhodeja01
406,Nick Richards,C,26,CHO,41,28,1054,147,217,0.677,0,0,,147,217,0.677,0.677,89,119,0.748,108,215,323,36,13,53,43,111,383,richani01
407,Josh Richardson,SG,30,MIA,42,6,1096,153,344,0.445,66,188,0.351,87,156,0.558,0.541,51,54,0.944,18,103,121,103,24,14,36,76,423,richajo01
408,Duncan Robinson,SF,29,MIA,47,17,1279,211,469,0.450,126,317,0.397,85,152,0.559,0.584,61,69,0.884,11,103,114,131,28,9,64,106,609,robindu01
409,Jerome Robinson,SG,26,GSW,9,0,30,0,9,0.000,0,5,0.000,0,4,0.000,0.000,4,6,0.667,1,2,3,2,0,1,0,1,4,robinje01
410,Mitchell Robinson,C,25,NYK,21,21,613,58,98,0.592,0,0,,58,98,0.592,0.592,14,38,0.368,112,104,216,15,32,27,21,40,130,robinmi01
411,Orlando Robinson,C,23,MIA,22,7,235,31,61,0.508,7,13,0.538,24,48,0.500,0.566,16,22,0.727,19,45,64,27,5,7,13,31,85,robinor01
412,Jeremiah Robinson-Earl,PF,23,NOP,20,1,208,30,58,0.517,8,22,0.364,22,36,0.611,0.586,10,11,0.909,15,34,49,10,7,3,9,15,78,robinje02
413,David Roddy,PF,22,MEM,48,13,1114,155,386,0.402,47,156,0.301,108,230,0.470,0.462,46,67,0.687,51,149,200,76,25,11,54,68,403,roddyda01
414,Ryan Rollins,PG,21,WAS,10,0,66,13,25,0.520,2,3,0.667,11,22,0.500,0.560,13,17,0.765,2,9,11,11,8,3,7,7,41,rolliry01
415,Derrick Rose,PG,35,MEM,19,7,332,63,141,0.447,13,37,0.351,50,104,0.481,0.493,22,24,0.917,7,27,34,63,8,2,25,19,161,rosede01
416,Terry Rozier,SG-PG,29,TOT,39,38,1340,292,661,0.442,94,275,0.342,198,386,0.513,0.513,131,152,0.862,25,133,158,248,40,14,76,71,809,roziete01
416,Terry Rozier,SG,29,CHO,30,30,1065,252,549,0.459,83,232,0.358,169,317,0.533,0.535,109,129,0.845,17,100,117,198,32,12,65,52,696,roziete01
416,Terry Rozier,PG,29,MIA,9,8,275,40,112,0.357,11,43,0.256,29,69,0.420,0.406,22,23,0.957,8,33,41,50,8,2,11,19,113,roziete01
417,Rayan Rupert,SG,19,POR,16,0,119,15,43,0.349,7,17,0.412,8,26,0.308,0.430,5,8,0.625,7,14,21,11,3,0,6,7,42,ruperra01
418,D'Angelo Russell,PG,27,LAL,48,41,1487,305,656,0.465,126,303,0.416,179,353,0.507,0.561,92,115,0.800,18,112,130,298,39,25,94,98,828,russeda01
419,Matt Ryan,SF,26,NOP,13,1,298,38,83,0.458,32,68,0.471,6,15,0.400,0.651,13,14,0.929,5,25,30,14,5,1,16,24,121,ryanma01
420,Domantas Sabonis,C,27,SAC,50,50,1780,400,645,0.620,24,56,0.429,376,589,0.638,0.639,171,248,0.690,159,497,656,407,40,26,166,157,995,sabondo01
421,Luka Šamanić,PF,24,UTA,24,0,142,22,60,0.367,5,23,0.217,17,37,0.459,0.408,17,21,0.810,8,33,41,4,1,3,11,15,66,samanlu01
422,Jermaine Samuels,SF,25,HOU,11,0,53,8,11,0.727,0,2,0.000,8,9,0.889,0.727,2,2,1.000,2,9,11,2,1,1,0,4,18,samueje01
423,Adama Sanogo,PF,21,CHI,3,0,11,3,3,1.000,0,0,,3,3,1.000,1.000,2,3,0.667,2,4,6,0,0,0,1,0,8,sanogad01
424,Gui Santos,PF,21,GSW,11,0,107,14,30,0.467,3,11,0.273,11,19,0.579,0.517,14,15,0.933,11,19,30,7,2,2,3,14,45,santogu01
425,Dario Šarić,C,29,GSW,47,9,938,164,338,0.485,71,171,0.415,93,167,0.557,0.590,74,86,0.860,64,186,250,118,29,8,60,100,473,saricda01
426,Olivier Sarr,C,24,OKC,11,0,81,7,14,0.500,2,6,0.333,5,8,0.625,0.571,7,10,0.700,8,23,31,2,0,6,3,17,23,sarrol01
427,Marcus Sasser,PG,23,DET,46,0,747,137,283,0.484,55,128,0.430,82,155,0.529,0.581,33,38,0.868,6,64,70,134,24,8,42,60,362,sassema01
428,Admiral Schofield,PF,26,ORL,12,0,46,5,15,0.333,2,9,0.222,3,6,0.500,0.400,0,2,0.000,1,6,7,4,0,0,4,7,12,schofad01
429,Dennis Schröder,PG,30,TOR,51,33,1559,247,559,0.442,77,220,0.350,170,339,0.501,0.511,127,149,0.852,22,118,140,313,46,8,83,105,698,schrode01
430,Dereon Seabron,SG,23,NOP,5,0,52,4,13,0.308,1,2,0.500,3,11,0.273,0.346,5,6,0.833,1,6,7,4,2,1,0,4,14,seabrde01
431,Alperen Şengün,C,21,HOU,50,50,1632,429,792,0.542,28,97,0.289,401,695,0.577,0.559,192,267,0.719,138,329,467,254,58,35,130,163,1078,sengual01
432,Brice Sensabaugh,SF,20,UTA,4,0,12,2,6,0.333,1,2,0.500,1,4,0.250,0.417,0,0,,1,2,3,2,0,0,0,1,5,sensabr01
433,Collin Sexton,SG,25,UTA,53,30,1292,314,652,0.482,82,212,0.387,232,440,0.527,0.544,216,248,0.871,46,89,135,238,36,10,103,107,926,sextoco01
434,Landry Shamet,SG,26,WAS,33,0,495,91,204,0.446,41,112,0.366,50,92,0.543,0.547,31,39,0.795,12,33,45,46,16,7,20,57,254,shamela01
435,Day'Ron Sharpe,C,22,BRK,37,1,592,111,193,0.575,1,7,0.143,110,186,0.591,0.578,54,88,0.614,103,155,258,53,17,32,37,85,277,sharpda01
436,Shaedon Sharpe,SG,20,POR,32,25,1059,176,434,0.406,60,180,0.333,116,254,0.457,0.475,98,119,0.824,42,118,160,94,28,12,72,88,510,sharpsh01
437,Ben Sheppard,SG,22,IND,31,0,333,34,93,0.366,17,62,0.274,17,31,0.548,0.457,12,15,0.800,7,32,39,24,15,1,6,41,97,sheppbe01
438,Pascal Siakam,PF,29,TOT,51,51,1751,433,812,0.533,61,179,0.341,372,633,0.588,0.571,199,269,0.740,82,249,331,248,42,13,107,124,1126,siakapa01
438,Pascal Siakam,PF,29,TOR,39,39,1354,325,623,0.522,46,145,0.317,279,478,0.584,0.559,169,223,0.758,54,192,246,190,32,10,83,87,865,siakapa01
438,Pascal Siakam,PF,29,IND,12,12,397,108,189,0.571,15,34,0.441,93,155,0.600,0.611,30,46,0.652,28,57,85,58,10,3,24,37,261,siakapa01
439,Ben Simmons,PG,27,BRK,10,8,263,31,52,0.596,0,0,,31,52,0.596,0.596,2,6,0.333,26,66,92,65,6,6,20,26,64,simmobe01
440,Anfernee Simons,SG,24,POR,29,29,974,235,532,0.442,99,255,0.388,136,277,0.491,0.535,110,121,0.909,15,87,102,153,14,4,73,59,679,simonan01
441,Jericho Sims,C,25,NYK,26,7,241,20,27,0.741,0,0,,20,27,0.741,0.741,4,7,0.571,20,36,56,8,2,10,7,21,44,simsje01
442,Dmytro Skapintsev,C,25,NYK,2,0,2,0,1,0.000,0,0,,0,1,0.000,0.000,0,0,,0,0,0,0,0,0,0,0,0,skapidm01
443,Jalen Slawson,SF,24,SAC,5,0,19,2,3,0.667,0,1,0.000,2,2,1.000,0.667,0,0,,0,4,4,2,0,1,2,3,4,slawsja01
444,Javonte Smart,PG,24,PHI,1,0,1,0,0,,0,0,,0,0,,,0,0,,0,0,0,0,0,0,0,0,0,smartja01
445,Marcus Smart,PG,29,MEM,20,20,605,102,237,0.430,42,134,0.313,60,103,0.583,0.519,43,56,0.768,6,47,53,86,41,5,62,53,289,smartma01
446,Dennis Smith Jr.,PG,26,BRK,35,1,702,102,234,0.436,17,64,0.266,85,170,0.500,0.472,32,41,0.780,39,81,120,143,45,9,44,86,253,smithde03
447,Dru Smith,SG,26,MIA,9,0,131,15,33,0.455,7,17,0.412,8,16,0.500,0.561,2,2,1.000,6,8,14,14,9,3,5,12,39,smithdr01
448,Ish Smith,PG,35,CHO,43,5,741,66,158,0.418,4,8,0.500,62,150,0.413,0.430,3,4,0.750,11,65,76,145,17,4,47,49,139,smithis01
449,Jabari Smith Jr.,PF,20,HOU,45,45,1408,222,471,0.471,75,198,0.379,147,273,0.538,0.551,79,97,0.814,86,286,372,63,28,32,54,125,598,smithja05
450,Jalen Smith,C,23,IND,38,13,689,160,253,0.632,44,91,0.484,116,162,0.716,0.719,45,64,0.703,61,151,212,39,11,25,31,86,409,smithja04
451,Nick Smith Jr.,SG,19,CHO,35,0,548,86,207,0.415,49,105,0.467,37,102,0.363,0.534,4,5,0.800,16,35,51,42,7,7,29,45,225,smithni01
452,Terquavion Smith,PG,21,PHI,8,0,49,13,30,0.433,10,22,0.455,3,8,0.375,0.600,2,3,0.667,0,2,2,10,6,0,3,3,38,smithte01
453,Jeremy Sochan,PF,20,SAS,52,51,1532,231,526,0.439,51,149,0.342,180,377,0.477,0.488,79,102,0.775,95,222,317,191,37,23,102,123,592,sochaje01
454,Jaden Springer,SG,21,PHI,32,1,377,46,118,0.390,8,37,0.216,38,81,0.469,0.424,28,34,0.824,25,33,58,35,25,11,26,49,128,sprinja01
455,Lamar Stevens,PF,26,BOS,19,1,122,21,45,0.467,3,8,0.375,18,37,0.486,0.500,8,11,0.727,12,19,31,8,6,5,9,14,53,stevela01
456,Isaiah Stewart,PF,22,DET,35,34,1070,142,302,0.470,49,131,0.374,93,171,0.544,0.551,53,71,0.746,63,175,238,61,13,27,54,86,386,stewais01
457,Julian Strawther,SF,21,DEN,33,0,458,71,185,0.384,37,115,0.322,34,70,0.486,0.484,16,23,0.696,4,45,49,36,16,6,15,47,195,strawju01
458,Max Strus,SF,27,CLE,50,50,1621,221,545,0.406,122,361,0.338,99,184,0.538,0.517,50,64,0.781,42,211,253,182,47,24,75,128,614,strusma01
459,Jalen Suggs,SG,22,ORL,48,48,1285,209,470,0.445,96,251,0.382,113,219,0.516,0.547,73,96,0.760,34,124,158,116,68,29,89,136,587,suggsja01
460,Cole Swider,SF,24,MIA,9,0,44,9,21,0.429,5,15,0.333,4,6,0.667,0.548,0,0,,1,1,2,3,1,1,3,2,23,swideco01
461,Jae'Sean Tate,SF,28,HOU,47,9,839,85,179,0.475,20,66,0.303,65,113,0.575,0.531,20,28,0.714,46,111,157,52,31,9,20,113,210,tateja01
462,Jayson Tatum,PF,25,BOS,48,48,1716,437,928,0.471,147,404,0.364,290,524,0.553,0.550,268,328,0.817,43,361,404,218,49,26,124,99,1289,tatumja01
463,Terry Taylor,PF,24,CHI,18,0,131,15,28,0.536,1,7,0.143,14,21,0.667,0.554,1,1,1.000,14,13,27,6,4,2,7,13,32,taylote01
464,Garrett Temple,SG,37,TOR,15,0,66,8,21,0.381,2,9,0.222,6,12,0.500,0.429,5,6,0.833,5,6,11,6,3,0,4,6,23,templga01
465,Dalen Terry,SG,21,CHI,32,1,311,25,67,0.373,8,38,0.211,17,29,0.586,0.433,16,22,0.727,10,42,52,38,9,8,17,38,74,terryda01
466,Daniel Theis,C,31,TOT,39,1,666,101,189,0.534,16,39,0.410,85,150,0.567,0.577,31,43,0.721,58,85,143,40,18,34,26,93,249,theisda01
466,Daniel Theis,C,31,IND,1,0,8,1,4,0.250,0,1,0.000,1,3,0.333,0.250,0,0,,0,0,0,0,0,0,0,1,2,theisda01
466,Daniel Theis,C,31,LAC,38,1,658,100,185,0.541,16,38,0.421,84,147,0.571,0.584,31,43,0.721,58,85,143,40,18,34,26,92,247,theisda01
467,Cam Thomas,SG,22,BRK,42,27,1241,322,731,0.440,81,228,0.355,241,503,0.479,0.496,171,205,0.834,14,108,122,107,28,12,75,86,896,thomaca02
468,Amen Thompson,SF,21,HOU,31,2,536,84,172,0.488,6,37,0.162,78,135,0.578,0.506,44,66,0.667,41,107,148,72,32,14,40,64,218,thompam01
469,Ausar Thompson,SF,21,DET,51,26,1212,176,368,0.478,12,80,0.150,164,288,0.569,0.495,60,94,0.638,109,224,333,94,48,48,67,143,424,thompau01
470,Klay Thompson,SF,33,GSW,46,46,1416,277,665,0.417,151,401,0.377,126,264,0.477,0.530,83,91,0.912,24,135,159,106,27,25,72,87,788,thompkl01
471,Tristan Thompson,PF,32,CLE,36,0,446,61,94,0.649,0,1,0.000,61,93,0.656,0.649,13,42,0.310,59,81,140,40,8,11,23,50,135,thomptr01
472,JT Thor,PF,21,CHO,41,1,556,51,138,0.370,19,60,0.317,32,78,0.410,0.438,7,13,0.538,38,67,105,17,8,17,11,41,128,thorjt01
473,Matisse Thybulle,SF,26,POR,49,17,1137,95,235,0.404,65,183,0.355,30,52,0.577,0.543,14,18,0.778,20,74,94,63,80,39,26,71,269,thybuma01
474,Xavier Tillman Sr.,C,25,MEM,34,13,700,87,213,0.408,12,53,0.226,75,160,0.469,0.437,18,43,0.419,56,101,157,57,42,35,29,60,204,tillmxa01
475,Jacob Toppin,SF,23,NYK,4,0,15,1,2,0.500,0,1,0.000,1,1,1.000,0.500,0,0,,1,1,2,2,0,1,0,0,2,toppija01
476,Obi Toppin,PF,25,IND,53,28,1200,224,395,0.567,65,165,0.394,159,230,0.691,0.649,54,71,0.761,57,150,207,86,26,26,45,102,567,toppiob01
477,Juan Toscano-Anderson,SF,30,SAC,11,0,53,3,12,0.250,1,4,0.250,2,8,0.250,0.292,0,0,,4,10,14,4,1,1,2,11,7,toscaju01
478,Karl-Anthony Towns,PF,28,MIN,51,51,1692,413,801,0.516,118,267,0.442,295,534,0.552,0.589,210,241,0.871,73,361,434,151,35,32,146,169,1154,townska01
479,Gary Trent Jr.,SG,25,TOR,46,16,1204,203,476,0.426,113,266,0.425,90,210,0.429,0.545,28,43,0.651,12,89,101,66,41,5,31,57,547,trentga02
480,Oscar Tshiebwe,PF,24,IND,6,0,34,8,16,0.500,0,0,,8,16,0.500,0.500,5,6,0.833,6,6,12,2,2,0,0,1,21,tshieos01
481,P.J. Tucker,PF,38,TOT,15,3,239,6,19,0.316,5,16,0.313,1,3,0.333,0.447,3,3,1.000,16,27,43,8,9,3,4,35,20,tuckepj01
481,P.J. Tucker,PF,38,PHI,3,3,66,2,5,0.400,2,5,0.400,0,0,,0.600,0,0,,1,13,14,0,3,2,2,9,6,tuckepj01
481,P.J. Tucker,PF,38,LAC,12,0,173,4,14,0.286,3,11,0.273,1,3,0.333,0.393,3,3,1.000,15,14,29,8,6,1,2,26,14,tuckepj01
482,Myles Turner,C,27,IND,50,50,1363,308,598,0.515,68,204,0.333,240,394,0.609,0.572,165,212,0.778,81,265,346,65,27,89,72,162,849,turnemy01
483,Hunter Tyson,PF,23,DEN,9,0,27,1,7,0.143,0,6,0.000,1,1,1.000,0.143,0,0,,0,6,6,1,0,0,2,6,2,tysonhu01
484,Stanley Umude,SG,24,DET,16,0,184,25,52,0.481,17,31,0.548,8,21,0.381,0.644,22,24,0.917,3,27,30,8,4,5,11,28,89,umudest01
485,Jonas Valančiūnas,C,31,NOP,51,51,1318,281,495,0.568,30,87,0.345,251,408,0.615,0.598,121,152,0.796,136,351,487,120,24,52,69,151,713,valanjo01
486,Jarred Vanderbilt,PF,24,LAL,29,6,581,59,114,0.518,8,27,0.296,51,87,0.586,0.553,24,36,0.667,41,97,138,36,36,5,28,43,150,vandeja01
487,Fred VanVleet,PG,29,HOU,47,47,1727,259,633,0.409,135,361,0.374,124,272,0.456,0.516,122,142,0.859,17,159,176,385,52,46,75,105,775,vanvlfr01
488,Devin Vassell,SG,23,SAS,47,41,1490,327,695,0.471,116,319,0.364,211,376,0.561,0.554,120,149,0.805,17,154,171,167,49,12,65,48,890,vassede01
489,Sasha Vezenkov,PF,28,SAC,34,0,424,72,158,0.456,36,96,0.375,36,62,0.581,0.570,10,13,0.769,30,56,86,14,15,7,11,33,190,vezenal01
490,Gabe Vincent,PG,27,LAL,5,0,127,12,32,0.375,2,17,0.118,10,15,0.667,0.406,1,2,0.500,2,3,5,15,6,0,2,12,27,vincega01
491,Nikola Vučević,C,33,CHI,47,45,1606,348,732,0.475,54,193,0.280,294,539,0.545,0.512,64,73,0.877,120,372,492,164,32,42,71,118,814,vucevni01
492,Dean Wade,PF,27,CLE,43,30,917,81,192,0.422,68,167,0.407,13,25,0.520,0.599,15,19,0.789,33,150,183,36,36,16,19,83,245,wadede01
493,Franz Wagner,SF,22,ORL,44,44,1455,342,717,0.477,70,221,0.317,272,496,0.548,0.526,165,192,0.859,50,201,251,178,48,16,88,101,919,wagnefr01
494,Moritz Wagner,C,26,ORL,50,1,938,213,366,0.582,25,78,0.321,188,288,0.653,0.616,111,140,0.793,77,149,226,63,24,16,59,111,562,wagnemo01
495,Ish Wainright,SF,29,POR,7,0,46,6,18,0.333,6,16,0.375,0,2,0.000,0.500,2,2,1.000,0,9,9,0,2,1,1,4,20,wainris01
496,Jabari Walker,SF,21,POR,47,13,1037,144,308,0.468,27,96,0.281,117,212,0.552,0.511,84,112,0.750,92,212,304,40,30,20,45,106,399,walkeja01
497,Jarace Walker,PF,20,IND,17,0,173,28,66,0.424,12,32,0.375,16,34,0.471,0.515,6,7,0.857,8,21,29,20,9,6,10,17,74,walkeja02
498,Lonnie Walker IV,SG,25,BRK,31,0,583,136,286,0.476,68,156,0.436,68,130,0.523,0.594,33,43,0.767,8,57,65,49,22,10,33,39,373,walkelo01
499,Cason Wallace,SG,20,OKC,51,9,1069,133,261,0.510,58,139,0.417,75,122,0.615,0.621,20,24,0.833,31,82,113,71,36,22,24,89,344,wallaca01
500,Jordan Walsh,SF,19,BOS,3,0,15,1,2,0.500,0,1,0.000,1,1,1.000,0.500,0,0,,1,5,6,2,1,0,0,2,2,walshjo01
501,P.J. Washington,PF,25,CHO,44,17,1286,227,509,0.446,79,244,0.324,148,265,0.558,0.524,67,94,0.713,53,179,232,97,38,32,66,112,600,washipj01
502,TyTy Washington Jr.,PG,22,MIL,2,0,6,1,3,0.333,1,2,0.500,0,1,0.000,0.500,0,0,,0,1,1,0,1,0,2,0,3,washity02
503,Yuta Watanabe,SF,29,PHO,29,0,382,35,97,0.361,24,75,0.320,11,22,0.500,0.485,10,15,0.667,11,34,45,10,9,7,16,34,104,watanyu01
504,Lindy Waters III,SG,26,OKC,21,0,153,20,46,0.435,18,43,0.419,2,3,0.667,0.630,0,0,,1,19,20,11,0,3,4,15,58,waterli01
505,Trendon Watford,PF,23,BRK,36,0,426,83,157,0.529,11,32,0.344,72,125,0.576,0.564,29,34,0.853,31,68,99,54,15,9,26,56,206,watfotr01
506,Peyton Watson,SF,21,DEN,50,3,912,134,280,0.479,36,106,0.340,98,174,0.563,0.543,48,69,0.696,31,112,143,52,28,44,30,87,352,watsope01
507,Victor Wembanyama,C,20,SAS,46,46,1307,343,739,0.464,70,225,0.311,273,514,0.531,0.512,176,218,0.807,100,365,465,144,53,142,158,101,932,wembavi01
508,Blake Wesley,SG,20,SAS,31,1,379,49,96,0.510,3,21,0.143,46,75,0.613,0.526,15,30,0.500,8,28,36,81,16,4,20,49,116,weslebl01
509,Russell Westbrook,PG,35,LAC,50,10,1140,228,488,0.467,33,116,0.284,195,372,0.524,0.501,76,115,0.661,74,201,275,234,55,21,108,89,565,westbru01
510,Coby White,PG,23,CHI,52,52,1878,361,776,0.465,149,371,0.402,212,405,0.523,0.561,140,170,0.824,27,218,245,271,34,13,116,121,1011,whiteco01
511,Derrick White,SG,29,BOS,47,47,1509,255,555,0.459,128,318,0.403,127,237,0.536,0.575,103,116,0.888,33,155,188,224,47,57,75,101,741,whitede01
512,Cam Whitmore,SF,19,HOU,27,1,458,117,246,0.476,45,114,0.395,72,132,0.545,0.567,38,58,0.655,19,80,99,12,18,6,19,37,317,whitmca01
513,Aaron Wiggins,SG,25,OKC,48,0,678,117,199,0.588,38,73,0.521,79,126,0.627,0.683,25,34,0.735,34,80,114,46,22,5,26,57,297,wiggiaa01
514,Andrew Wiggins,SF,28,GSW,44,33,1186,209,470,0.445,44,138,0.319,165,332,0.497,0.491,82,115,0.713,71,118,189,71,20,24,56,100,544,wiggian01
515,Lindell Wigginton,PG,25,MIL,3,0,8,2,5,0.400,0,2,0.000,2,3,0.667,0.400,2,2,1.000,0,0,0,0,0,0,1,1,6,wiggili01
516,Brandon Williams,PG,24,DAL,9,0,48,8,18,0.444,2,6,0.333,6,12,0.500,0.500,6,11,0.545,2,3,5,10,1,1,2,1,24,willibr03
517,Grant Williams,PF,25,DAL,47,33,1242,131,317,0.413,79,210,0.376,52,107,0.486,0.538,41,55,0.745,46,123,169,81,24,27,53,137,382,willigr01
518,Jalen Williams,PF,22,OKC,45,45,1440,331,614,0.539,66,146,0.452,265,468,0.566,0.593,119,148,0.804,24,158,182,202,48,22,78,118,847,willija06
519,Jaylin Williams,C,21,OKC,43,0,527,55,142,0.387,31,90,0.344,24,52,0.462,0.496,16,19,0.842,24,115,139,57,18,16,18,62,157,willija07
520,Jeenathan Williams,SG,24,HOU,7,0,55,10,23,0.435,1,3,0.333,9,20,0.450,0.457,4,5,0.800,5,1,6,3,2,0,1,5,25,willije02
521,Kenrich Williams,PF,29,OKC,40,1,608,73,158,0.462,32,82,0.390,41,76,0.539,0.563,3,10,0.300,32,84,116,50,25,6,16,57,181,willike04
522,Mark Williams,C,22,CHO,19,19,508,98,151,0.649,0,0,,98,151,0.649,0.649,46,64,0.719,76,108,184,22,16,20,17,50,242,willima07
523,Patrick Williams,PF,22,CHI,43,30,1174,159,359,0.443,59,148,0.399,100,211,0.474,0.525,52,66,0.788,46,120,166,66,40,33,57,87,429,willipa01
524,Robert Williams,C,26,POR,6,0,119,17,26,0.654,0,0,,17,26,0.654,0.654,7,9,0.778,11,27,38,5,7,7,7,17,41,williro04
525,Vince Williams Jr.,SG,23,MEM,40,21,1028,117,266,0.440,63,164,0.384,54,102,0.529,0.558,71,89,0.798,51,172,223,97,32,25,51,100,368,willivi01
526,Ziaire Williams,SF,22,MEM,44,9,828,120,308,0.390,49,156,0.314,71,152,0.467,0.469,49,59,0.831,30,119,149,64,27,9,57,75,338,willizi02
527,Zion Williamson,PF,23,NOP,41,41,1244,356,608,0.586,4,11,0.364,352,597,0.590,0.589,190,281,0.676,70,152,222,196,39,18,103,97,906,willizi01
528,Jalen Wilson,PF,23,BRK,13,1,162,22,47,0.468,6,14,0.429,16,33,0.485,0.532,17,19,0.895,16,15,31,14,5,1,4,12,67,wilsoja03
529,Dylan Windler,SF,27,TOT,6,0,16,4,7,0.571,4,6,0.667,0,1,0.000,0.857,0,0,,0,3,3,3,0,0,0,2,12,windldy01
529,Dylan Windler,SF,27,NYK,3,0,7,1,2,0.500,1,2,0.500,0,0,,0.750,0,0,,0,1,1,1,0,0,0,1,3,windldy01
529,Dylan Windler,SF,27,LAL,3,0,9,3,5,0.600,3,4,0.750,0,1,0.000,0.900,0,0,,0,2,2,2,0,0,0,1,9,windldy01
530,James Wiseman,C,22,DET,32,0,447,81,119,0.681,0,2,0.000,81,117,0.692,0.681,23,37,0.622,45,81,126,19,4,21,26,62,185,wisemja01
531,Christian Wood,PF,28,LAL,47,1,836,114,247,0.462,33,107,0.308,81,140,0.579,0.528,64,92,0.696,37,208,245,48,15,32,48,68,325,woodch01
532,Delon Wright,PG,31,WAS,29,0,438,46,116,0.397,14,36,0.389,32,80,0.400,0.457,22,27,0.815,12,44,56,77,34,7,10,20,128,wrighde01
533,Thaddeus Young,PF,35,TOR,23,6,350,54,87,0.621,1,6,0.167,53,81,0.654,0.626,5,12,0.417,29,46,75,50,18,3,11,38,114,youngth01
534,Trae Young,PG,25,ATL,46,46,1684,391,906,0.432,156,411,0.380,235,495,0.475,0.518,309,358,0.863,21,106,127,500,67,10,199,94,1247,youngtr01
535,Omer Yurtseven,C,25,UTA,28,6,267,39,81,0.481,3,15,0.200,36,66,0.545,0.500,6,11,0.545,36,70,106,13,4,11,24,35,87,yurtsom01
536,Cody Zeller,C,31,NOP,36,0,289,21,53,0.396,1,3,0.333,20,50,0.400,0.406,21,35,0.600,38,57,95,34,8,4,13,39,64,zelleco01
537,Ivica Zubac,C,26,LAC,40,40,1069,208,316,0.658,0,0,,208,316,0.658,0.658,70,108,0.648,126,255,381,49,8,52,44,112,486,zubaciv01